period,shop,item,count
2024-01,ashiya,curry,46
2024-01,ashiya,doria,38
2024-01,ashiya,fried_rice,47
2024-01,ashiya,japanese_set,42
2024-01,ashiya,katu_bowl,45
2024-01,ashiya,omelet_rice,61
2024-01,ashiya,pizza,31
2024-01,ashiya,sandwich,12
2024-01,ashiya,set_meal,53
2024-01,ashiya,soba,46
2024-01,ashiya,spaghetti,12
2024-01,ashiya,udon,47
2024-02,ashiya,curry,31
2024-02,ashiya,doria,39
2024-02,ashiya,fried_rice,42
2024-02,ashiya,japanese_set,44
2024-02,ashiya,katu_bowl,41
2024-02,ashiya,omelet_rice,55
2024-02,ashiya,pizza,26
2024-02,ashiya,sandwich,19
2024-02,ashiya,set_meal,49
2024-02,ashiya,soba,30
2024-02,ashiya,spaghetti,21
2024-02,ashiya,udon,32
2024-03,ashiya,curry,46
2024-03,ashiya,doria,32
2024-03,ashiya,fried_rice,43
2024-03,ashiya,japanese_set,66
2024-03,ashiya,katu_bowl,47
2024-03,ashiya,omelet_rice,42
2024-03,ashiya,pizza,29
2024-03,ashiya,sandwich,16
2024-03,ashiya,set_meal,47
2024-03,ashiya,soba,37
2024-03,ashiya,spaghetti,21
2024-03,ashiya,udon,44
2024-04,ashiya,curry,46
2024-04,ashiya,doria,28
2024-04,ashiya,fried_rice,32
2024-04,ashiya,japanese_set,56
2024-04,ashiya,katu_bowl,38
2024-04,ashiya,omelet_rice,40
2024-04,ashiya,pizza,30
2024-04,ashiya,sandwich,11
2024-04,ashiya,set_meal,54
2024-04,ashiya,soba,35
2024-04,ashiya,spaghetti,23
2024-04,ashiya,udon,48
2024-05,ashiya,curry,44
2024-05,ashiya,doria,26
2024-05,ashiya,fried_rice,49
2024-05,ashiya,japanese_set,62
2024-05,ashiya,katu_bowl,47
2024-05,ashiya,omelet_rice,49
2024-05,ashiya,pizza,35
2024-05,ashiya,sandwich,14
2024-05,ashiya,set_meal,37
2024-05,ashiya,soba,39
2024-05,ashiya,spaghetti,19
2024-05,ashiya,udon,37
2024-06,ashiya,curry,51
2024-06,ashiya,doria,33
2024-06,ashiya,fried_rice,35
2024-06,ashiya,japanese_set,56
2024-06,ashiya,katu_bowl,42
2024-06,ashiya,omelet_rice,38
2024-06,ashiya,pizza,25
2024-06,ashiya,sandwich,15
2024-06,ashiya,set_meal,60
2024-06,ashiya,soba,39
2024-06,ashiya,spaghetti,21
2024-06,ashiya,udon,48
2024-07,ashiya,curry,42
2024-07,ashiya,doria,23
2024-07,ashiya,fried_rice,28
2024-07,ashiya,japanese_set,53
2024-07,ashiya,katu_bowl,50
2024-07,ashiya,omelet_rice,47
2024-07,ashiya,pizza,20
2024-07,ashiya,sandwich,12
2024-07,ashiya,set_meal,44
2024-07,ashiya,soba,35
2024-07,ashiya,spaghetti,18
2024-07,ashiya,udon,37
2024-08,ashiya,curry,50
2024-08,ashiya,doria,33
2024-08,ashiya,fried_rice,33
2024-08,ashiya,japanese_set,41
2024-08,ashiya,katu_bowl,45
2024-08,ashiya,omelet_rice,31
2024-08,ashiya,pizza,28
2024-08,ashiya,sandwich,14
2024-08,ashiya,set_meal,52
2024-08,ashiya,soba,53
2024-08,ashiya,spaghetti,24
2024-08,ashiya,udon,38
2024-09,ashiya,curry,72
2024-09,ashiya,doria,29
2024-09,ashiya,fried_rice,34
2024-09,ashiya,japanese_set,50
2024-09,ashiya,katu_bowl,47
2024-09,ashiya,omelet_rice,29
2024-09,ashiya,pizza,31
2024-09,ashiya,sandwich,8
2024-09,ashiya,set_meal,43
2024-09,ashiya,soba,40
2024-09,ashiya,spaghetti,24
2024-09,ashiya,udon,48
2024-10,ashiya,curry,50
2024-10,ashiya,doria,29
2024-10,ashiya,fried_rice,39
2024-10,ashiya,japanese_set,55
2024-10,ashiya,katu_bowl,41
2024-10,ashiya,omelet_rice,41
2024-10,ashiya,pizza,18
2024-10,ashiya,sandwich,12
2024-10,ashiya,set_meal,51
2024-10,ashiya,soba,36
2024-10,ashiya,spaghetti,23
2024-10,ashiya,udon,53
2024-11,ashiya,curry,47
2024-11,ashiya,doria,30
2024-11,ashiya,fried_rice,47
2024-11,ashiya,japanese_set,54
2024-11,ashiya,katu_bowl,47
2024-11,ashiya,omelet_rice,48
2024-11,ashiya,pizza,28
2024-11,ashiya,sandwich,10
2024-11,ashiya,set_meal,51
2024-11,ashiya,soba,34
2024-11,ashiya,spaghetti,21
2024-11,ashiya,udon,37
2024-12,ashiya,curry,52
2024-12,ashiya,doria,35
2024-12,ashiya,fried_rice,36
2024-12,ashiya,japanese_set,55
2024-12,ashiya,katu_bowl,46
2024-12,ashiya,omelet_rice,39
2024-12,ashiya,pizza,17
2024-12,ashiya,sandwich,9
2024-12,ashiya,set_meal,49
2024-12,ashiya,soba,40
2024-12,ashiya,spaghetti,22
2024-12,ashiya,udon,47
2025-01,ashiya,curry,42
2025-01,ashiya,doria,43
2025-01,ashiya,fried_rice,40
2025-01,ashiya,japanese_set,42
2025-01,ashiya,katu_bowl,38
2025-01,ashiya,omelet_rice,44
2025-01,ashiya,pizza,21
2025-01,ashiya,sandwich,10
2025-01,ashiya,set_meal,33
2025-01,ashiya,soba,37
2025-01,ashiya,spaghetti,18
2025-01,ashiya,udon,35
2025-02,ashiya,curry,51
2025-02,ashiya,doria,21
2025-02,ashiya,fried_rice,40
2025-02,ashiya,japanese_set,42
2025-02,ashiya,katu_bowl,42
2025-02,ashiya,omelet_rice,35
2025-02,ashiya,pizza,28
2025-02,ashiya,sandwich,13
2025-02,ashiya,set_meal,47
2025-02,ashiya,soba,45
2025-02,ashiya,spaghetti,15
2025-02,ashiya,udon,35
2025-03,ashiya,curry,55
2025-03,ashiya,doria,35
2025-03,ashiya,fried_rice,39
2025-03,ashiya,japanese_set,45
2025-03,ashiya,katu_bowl,36
2025-03,ashiya,omelet_rice,40
2025-03,ashiya,pizza,29
2025-03,ashiya,sandwich,13
2025-03,ashiya,set_meal,55
2025-03,ashiya,soba,49
2025-03,ashiya,spaghetti,17
2025-03,ashiya,udon,44
2025-04,ashiya,curry,40
2025-04,ashiya,doria,26
2025-04,ashiya,fried_rice,25
2025-04,ashiya,japanese_set,60
2025-04,ashiya,katu_bowl,46
2025-04,ashiya,omelet_rice,38
2025-04,ashiya,pizza,27
2025-04,ashiya,sandwich,21
2025-04,ashiya,set_meal,57
2025-04,ashiya,soba,33
2025-04,ashiya,spaghetti,26
2025-04,ashiya,udon,37
2025-05,ashiya,curry,54
2025-05,ashiya,doria,35
2025-05,ashiya,fried_rice,37
2025-05,ashiya,japanese_set,41
2025-05,ashiya,katu_bowl,46
2025-05,ashiya,omelet_rice,34
2025-05,ashiya,pizza,27
2025-05,ashiya,sandwich,14
2025-05,ashiya,set_meal,42
2025-05,ashiya,soba,46
2025-05,ashiya,spaghetti,24
2025-05,ashiya,udon,46
2025-06,ashiya,curry,42
2025-06,ashiya,doria,35
2025-06,ashiya,fried_rice,30
2025-06,ashiya,japanese_set,64
2025-06,ashiya,katu_bowl,49
2025-06,ashiya,omelet_rice,37
2025-06,ashiya,pizza,35
2025-06,ashiya,sandwich,6
2025-06,ashiya,set_meal,41
2025-06,ashiya,soba,49
2025-06,ashiya,spaghetti,22
2025-06,ashiya,udon,35
2025-07,ashiya,curry,39
2025-07,ashiya,doria,36
2025-07,ashiya,fried_rice,45
2025-07,ashiya,japanese_set,57
2025-07,ashiya,katu_bowl,38
2025-07,ashiya,omelet_rice,38
2025-07,ashiya,pizza,17
2025-07,ashiya,sandwich,15
2025-07,ashiya,set_meal,40
2025-07,ashiya,soba,35
2025-07,ashiya,spaghetti,29
2025-07,ashiya,udon,34
2025-08,ashiya,curry,47
2025-08,ashiya,doria,31
2025-08,ashiya,fried_rice,31
2025-08,ashiya,japanese_set,49
2025-08,ashiya,katu_bowl,52
2025-08,ashiya,omelet_rice,42
2025-08,ashiya,pizza,20
2025-08,ashiya,sandwich,11
2025-08,ashiya,set_meal,48
2025-08,ashiya,soba,38
2025-08,ashiya,spaghetti,18
2025-08,ashiya,udon,53
2025-09,ashiya,curry,48
2025-09,ashiya,doria,30
2025-09,ashiya,fried_rice,28
2025-09,ashiya,japanese_set,46
2025-09,ashiya,katu_bowl,42
2025-09,ashiya,omelet_rice,40
2025-09,ashiya,pizza,29
2025-09,ashiya,sandwich,21
2025-09,ashiya,set_meal,55
2025-09,ashiya,soba,29
2025-09,ashiya,spaghetti,19
2025-09,ashiya,udon,54
2025-10,ashiya,curry,52
2025-10,ashiya,doria,34
2025-10,ashiya,fried_rice,31
2025-10,ashiya,japanese_set,57
2025-10,ashiya,katu_bowl,47
2025-10,ashiya,omelet_rice,37
2025-10,ashiya,pizza,26
2025-10,ashiya,sandwich,17
2025-10,ashiya,set_meal,49
2025-10,ashiya,soba,42
2025-10,ashiya,spaghetti,24
2025-10,ashiya,udon,33
2025-11,ashiya,curry,55
2025-11,ashiya,doria,30
2025-11,ashiya,fried_rice,30
2025-11,ashiya,japanese_set,48
2025-11,ashiya,katu_bowl,29
2025-11,ashiya,omelet_rice,36
2025-11,ashiya,pizza,28
2025-11,ashiya,sandwich,11
2025-11,ashiya,set_meal,46
2025-11,ashiya,soba,34
2025-11,ashiya,spaghetti,18
2025-11,ashiya,udon,43
2025-12,ashiya,curry,31
2025-12,ashiya,doria,40
2025-12,ashiya,fried_rice,40
2025-12,ashiya,japanese_set,58
2025-12,ashiya,katu_bowl,50
2025-12,ashiya,omelet_rice,36
2025-12,ashiya,pizza,27
2025-12,ashiya,sandwich,17
2025-12,ashiya,set_meal,45
2025-12,ashiya,soba,38
2025-12,ashiya,spaghetti,17
2025-12,ashiya,udon,41
2024-01,himeji,curry,32
2024-01,himeji,doria,7
2024-01,himeji,fried_rice,17
2024-01,himeji,japanese_set,29
2024-01,himeji,katu_bowl,18
2024-01,himeji,omelet_rice,26
2024-01,himeji,pizza,19
2024-01,himeji,sandwich,7
2024-01,himeji,set_meal,23
2024-01,himeji,soba,13
2024-01,himeji,spaghetti,6
2024-01,himeji,udon,9
2024-02,himeji,curry,31
2024-02,himeji,doria,13
2024-02,himeji,fried_rice,14
2024-02,himeji,japanese_set,25
2024-02,himeji,katu_bowl,17
2024-02,himeji,omelet_rice,19
2024-02,himeji,pizza,5
2024-02,himeji,sandwich,9
2024-02,himeji,set_meal,22
2024-02,himeji,soba,18
2024-02,himeji,spaghetti,7
2024-02,himeji,udon,23
2024-03,himeji,curry,21
2024-03,himeji,doria,10
2024-03,himeji,fried_rice,14
2024-03,himeji,japanese_set,20
2024-03,himeji,katu_bowl,15
2024-03,himeji,omelet_rice,16
2024-03,himeji,pizza,12
2024-03,himeji,sandwich,4
2024-03,himeji,set_meal,26
2024-03,himeji,soba,15
2024-03,himeji,spaghetti,10
2024-03,himeji,udon,19
2024-04,himeji,curry,23
2024-04,himeji,doria,13
2024-04,himeji,fried_rice,17
2024-04,himeji,japanese_set,19
2024-04,himeji,katu_bowl,14
2024-04,himeji,omelet_rice,9
2024-04,himeji,pizza,9
2024-04,himeji,sandwich,4
2024-04,himeji,set_meal,20
2024-04,himeji,soba,19
2024-04,himeji,spaghetti,6
2024-04,himeji,udon,17
2024-05,himeji,curry,26
2024-05,himeji,doria,9
2024-05,himeji,fried_rice,13
2024-05,himeji,japanese_set,20
2024-05,himeji,katu_bowl,19
2024-05,himeji,omelet_rice,19
2024-05,himeji,pizza,11
2024-05,himeji,sandwich,4
2024-05,himeji,set_meal,22
2024-05,himeji,soba,19
2024-05,himeji,spaghetti,8
2024-05,himeji,udon,14
2024-06,himeji,curry,23
2024-06,himeji,doria,10
2024-06,himeji,fried_rice,18
2024-06,himeji,japanese_set,31
2024-06,himeji,katu_bowl,21
2024-06,himeji,omelet_rice,20
2024-06,himeji,pizza,16
2024-06,himeji,sandwich,7
2024-06,himeji,set_meal,18
2024-06,himeji,soba,19
2024-06,himeji,spaghetti,13
2024-06,himeji,udon,13
2024-07,himeji,curry,23
2024-07,himeji,doria,13
2024-07,himeji,fried_rice,20
2024-07,himeji,japanese_set,23
2024-07,himeji,katu_bowl,21
2024-07,himeji,omelet_rice,18
2024-07,himeji,pizza,9
2024-07,himeji,sandwich,7
2024-07,himeji,set_meal,18
2024-07,himeji,soba,25
2024-07,himeji,spaghetti,11
2024-07,himeji,udon,12
2024-08,himeji,curry,22
2024-08,himeji,doria,11
2024-08,himeji,fried_rice,12
2024-08,himeji,japanese_set,28
2024-08,himeji,katu_bowl,24
2024-08,himeji,omelet_rice,14
2024-08,himeji,pizza,9
2024-08,himeji,sandwich,7
2024-08,himeji,set_meal,17
2024-08,himeji,soba,19
2024-08,himeji,spaghetti,8
2024-08,himeji,udon,20
2024-09,himeji,curry,27
2024-09,himeji,doria,22
2024-09,himeji,fried_rice,25
2024-09,himeji,japanese_set,16
2024-09,himeji,katu_bowl,28
2024-09,himeji,omelet_rice,18
2024-09,himeji,pizza,7
2024-09,himeji,sandwich,7
2024-09,himeji,set_meal,14
2024-09,himeji,soba,14
2024-09,himeji,spaghetti,11
2024-09,himeji,udon,17
2024-10,himeji,curry,17
2024-10,himeji,doria,11
2024-10,himeji,fried_rice,19
2024-10,himeji,japanese_set,16
2024-10,himeji,katu_bowl,24
2024-10,himeji,omelet_rice,23
2024-10,himeji,pizza,11
2024-10,himeji,sandwich,4
2024-10,himeji,set_meal,32
2024-10,himeji,soba,12
2024-10,himeji,spaghetti,12
2024-10,himeji,udon,16
2024-11,himeji,curry,20
2024-11,himeji,doria,7
2024-11,himeji,fried_rice,20
2024-11,himeji,japanese_set,21
2024-11,himeji,katu_bowl,24
2024-11,himeji,omelet_rice,18
2024-11,himeji,pizza,14
2024-11,himeji,sandwich,2
2024-11,himeji,set_meal,13
2024-11,himeji,soba,13
2024-11,himeji,spaghetti,12
2024-11,himeji,udon,16
2024-12,himeji,curry,15
2024-12,himeji,doria,12
2024-12,himeji,fried_rice,15
2024-12,himeji,japanese_set,25
2024-12,himeji,katu_bowl,18
2024-12,himeji,omelet_rice,18
2024-12,himeji,pizza,10
2024-12,himeji,sandwich,6
2024-12,himeji,set_meal,22
2024-12,himeji,soba,16
2024-12,himeji,spaghetti,17
2024-12,himeji,udon,18
2025-01,himeji,curry,14
2025-01,himeji,doria,11
2025-01,himeji,fried_rice,17
2025-01,himeji,japanese_set,24
2025-01,himeji,katu_bowl,16
2025-01,himeji,omelet_rice,7
2025-01,himeji,pizza,10
2025-01,himeji,sandwich,10
2025-01,himeji,set_meal,18
2025-01,himeji,soba,14
2025-01,himeji,spaghetti,13
2025-01,himeji,udon,18
2025-02,himeji,curry,23
2025-02,himeji,doria,12
2025-02,himeji,fried_rice,22
2025-02,himeji,japanese_set,23
2025-02,himeji,katu_bowl,15
2025-02,himeji,omelet_rice,17
2025-02,himeji,pizza,19
2025-02,himeji,sandwich,9
2025-02,himeji,set_meal,29
2025-02,himeji,soba,15
2025-02,himeji,spaghetti,11
2025-02,himeji,udon,21
2025-03,himeji,curry,21
2025-03,himeji,doria,13
2025-03,himeji,fried_rice,12
2025-03,himeji,japanese_set,30
2025-03,himeji,katu_bowl,27
2025-03,himeji,omelet_rice,15
2025-03,himeji,pizza,9
2025-03,himeji,sandwich,7
2025-03,himeji,set_meal,31
2025-03,himeji,soba,13
2025-03,himeji,spaghetti,11
2025-03,himeji,udon,15
2025-04,himeji,curry,22
2025-04,himeji,doria,16
2025-04,himeji,fried_rice,13
2025-04,himeji,japanese_set,17
2025-04,himeji,katu_bowl,19
2025-04,himeji,omelet_rice,18
2025-04,himeji,pizza,14
2025-04,himeji,sandwich,4
2025-04,himeji,set_meal,22
2025-04,himeji,soba,19
2025-04,himeji,spaghetti,6
2025-04,himeji,udon,22
2025-05,himeji,curry,10
2025-05,himeji,doria,13
2025-05,himeji,fried_rice,16
2025-05,himeji,japanese_set,22
2025-05,himeji,katu_bowl,26
2025-05,himeji,omelet_rice,16
2025-05,himeji,pizza,12
2025-05,himeji,sandwich,10
2025-05,himeji,set_meal,18
2025-05,himeji,soba,18
2025-05,himeji,spaghetti,9
2025-05,himeji,udon,24
2025-06,himeji,curry,22
2025-06,himeji,doria,12
2025-06,himeji,fried_rice,14
2025-06,himeji,japanese_set,18
2025-06,himeji,katu_bowl,14
2025-06,himeji,omelet_rice,11
2025-06,himeji,pizza,13
2025-06,himeji,sandwich,5
2025-06,himeji,set_meal,19
2025-06,himeji,soba,14
2025-06,himeji,spaghetti,7
2025-06,himeji,udon,19
2025-07,himeji,curry,22
2025-07,himeji,doria,6
2025-07,himeji,fried_rice,16
2025-07,himeji,japanese_set,19
2025-07,himeji,katu_bowl,20
2025-07,himeji,omelet_rice,9
2025-07,himeji,pizza,9
2025-07,himeji,sandwich,8
2025-07,himeji,set_meal,16
2025-07,himeji,soba,18
2025-07,himeji,spaghetti,8
2025-07,himeji,udon,20
2025-08,himeji,curry,22
2025-08,himeji,doria,18
2025-08,himeji,fried_rice,16
2025-08,himeji,japanese_set,20
2025-08,himeji,katu_bowl,15
2025-08,himeji,omelet_rice,12
2025-08,himeji,pizza,14
2025-08,himeji,sandwich,8
2025-08,himeji,set_meal,20
2025-08,himeji,soba,9
2025-08,himeji,spaghetti,11
2025-08,himeji,udon,16
2025-09,himeji,curry,21
2025-09,himeji,doria,14
2025-09,himeji,fried_rice,13
2025-09,himeji,japanese_set,27
2025-09,himeji,katu_bowl,13
2025-09,himeji,omelet_rice,12
2025-09,himeji,pizza,14
2025-09,himeji,sandwich,9
2025-09,himeji,set_meal,27
2025-09,himeji,soba,8
2025-09,himeji,spaghetti,12
2025-09,himeji,udon,30
2025-10,himeji,curry,23
2025-10,himeji,doria,12
2025-10,himeji,fried_rice,14
2025-10,himeji,japanese_set,19
2025-10,himeji,katu_bowl,18
2025-10,himeji,omelet_rice,12
2025-10,himeji,pizza,11
2025-10,himeji,sandwich,2
2025-10,himeji,set_meal,14
2025-10,himeji,soba,18
2025-10,himeji,spaghetti,10
2025-10,himeji,udon,23
2025-11,himeji,curry,23
2025-11,himeji,doria,13
2025-11,himeji,fried_rice,16
2025-11,himeji,japanese_set,20
2025-11,himeji,katu_bowl,16
2025-11,himeji,omelet_rice,7
2025-11,himeji,pizza,11
2025-11,himeji,sandwich,9
2025-11,himeji,set_meal,23
2025-11,himeji,soba,18
2025-11,himeji,spaghetti,8
2025-11,himeji,udon,19
2025-12,himeji,curry,24
2025-12,himeji,doria,10
2025-12,himeji,fried_rice,15
2025-12,himeji,japanese_set,19
2025-12,himeji,katu_bowl,13
2025-12,himeji,omelet_rice,11
2025-12,himeji,pizza,9
2025-12,himeji,sandwich,4
2025-12,himeji,set_meal,19
2025-12,himeji,soba,18
2025-12,himeji,spaghetti,11
2025-12,himeji,udon,23
2024-01,kobe,curry,64
2024-01,kobe,doria,52
2024-01,kobe,fried_rice,58
2024-01,kobe,japanese_set,74
2024-01,kobe,katu_bowl,56
2024-01,kobe,omelet_rice,63
2024-01,kobe,pizza,43
2024-01,kobe,sandwich,17
2024-01,kobe,set_meal,57
2024-01,kobe,soba,47
2024-01,kobe,spaghetti,25
2024-01,kobe,udon,64
2024-02,kobe,curry,66
2024-02,kobe,doria,40
2024-02,kobe,fried_rice,43
2024-02,kobe,japanese_set,65
2024-02,kobe,katu_bowl,58
2024-02,kobe,omelet_rice,56
2024-02,kobe,pizza,38
2024-02,kobe,sandwich,24
2024-02,kobe,set_meal,57
2024-02,kobe,soba,77
2024-02,kobe,spaghetti,26
2024-02,kobe,udon,66
2024-03,kobe,curry,62
2024-03,kobe,doria,43
2024-03,kobe,fried_rice,54
2024-03,kobe,japanese_set,72
2024-03,kobe,katu_bowl,77
2024-03,kobe,omelet_rice,57
2024-03,kobe,pizza,32
2024-03,kobe,sandwich,15
2024-03,kobe,set_meal,65
2024-03,kobe,soba,55
2024-03,kobe,spaghetti,45
2024-03,kobe,udon,66
2024-04,kobe,curry,64
2024-04,kobe,doria,51
2024-04,kobe,fried_rice,43
2024-04,kobe,japanese_set,69
2024-04,kobe,katu_bowl,85
2024-04,kobe,omelet_rice,56
2024-04,kobe,pizza,32
2024-04,kobe,sandwich,22
2024-04,kobe,set_meal,68
2024-04,kobe,soba,74
2024-04,kobe,spaghetti,34
2024-04,kobe,udon,69
2024-05,kobe,curry,67
2024-05,kobe,doria,46
2024-05,kobe,fried_rice,50
2024-05,kobe,japanese_set,75
2024-05,kobe,katu_bowl,76
2024-05,kobe,omelet_rice,56
2024-05,kobe,pizza,41
2024-05,kobe,sandwich,19
2024-05,kobe,set_meal,57
2024-05,kobe,soba,61
2024-05,kobe,spaghetti,40
2024-05,kobe,udon,56
2024-06,kobe,curry,63
2024-06,kobe,doria,55
2024-06,kobe,fried_rice,55
2024-06,kobe,japanese_set,66
2024-06,kobe,katu_bowl,79
2024-06,kobe,omelet_rice,51
2024-06,kobe,pizza,40
2024-06,kobe,sandwich,20
2024-06,kobe,set_meal,61
2024-06,kobe,soba,65
2024-06,kobe,spaghetti,37
2024-06,kobe,udon,53
2024-07,kobe,curry,70
2024-07,kobe,doria,39
2024-07,kobe,fried_rice,55
2024-07,kobe,japanese_set,88
2024-07,kobe,katu_bowl,78
2024-07,kobe,omelet_rice,69
2024-07,kobe,pizza,53
2024-07,kobe,sandwich,22
2024-07,kobe,set_meal,76
2024-07,kobe,soba,58
2024-07,kobe,spaghetti,34
2024-07,kobe,udon,48
2024-08,kobe,curry,82
2024-08,kobe,doria,42
2024-08,kobe,fried_rice,39
2024-08,kobe,japanese_set,77
2024-08,kobe,katu_bowl,58
2024-08,kobe,omelet_rice,54
2024-08,kobe,pizza,27
2024-08,kobe,sandwich,21
2024-08,kobe,set_meal,56
2024-08,kobe,soba,55
2024-08,kobe,spaghetti,25
2024-08,kobe,udon,64
2024-09,kobe,curry,65
2024-09,kobe,doria,50
2024-09,kobe,fried_rice,52
2024-09,kobe,japanese_set,84
2024-09,kobe,katu_bowl,67
2024-09,kobe,omelet_rice,60
2024-09,kobe,pizza,50
2024-09,kobe,sandwich,25
2024-09,kobe,set_meal,82
2024-09,kobe,soba,63
2024-09,kobe,spaghetti,26
2024-09,kobe,udon,70
2024-10,kobe,curry,64
2024-10,kobe,doria,40
2024-10,kobe,fried_rice,54
2024-10,kobe,japanese_set,73
2024-10,kobe,katu_bowl,57
2024-10,kobe,omelet_rice,55
2024-10,kobe,pizza,34
2024-10,kobe,sandwich,22
2024-10,kobe,set_meal,72
2024-10,kobe,soba,68
2024-10,kobe,spaghetti,37
2024-10,kobe,udon,60
2024-11,kobe,curry,62
2024-11,kobe,doria,37
2024-11,kobe,fried_rice,41
2024-11,kobe,japanese_set,61
2024-11,kobe,katu_bowl,76
2024-11,kobe,omelet_rice,68
2024-11,kobe,pizza,41
2024-11,kobe,sandwich,24
2024-11,kobe,set_meal,67
2024-11,kobe,soba,72
2024-11,kobe,spaghetti,35
2024-11,kobe,udon,57
2024-12,kobe,curry,65
2024-12,kobe,doria,48
2024-12,kobe,fried_rice,65
2024-12,kobe,japanese_set,89
2024-12,kobe,katu_bowl,68
2024-12,kobe,omelet_rice,54
2024-12,kobe,pizza,37
2024-12,kobe,sandwich,21
2024-12,kobe,set_meal,81
2024-12,kobe,soba,43
2024-12,kobe,spaghetti,27
2024-12,kobe,udon,53
2025-01,kobe,curry,66
2025-01,kobe,doria,44
2025-01,kobe,fried_rice,46
2025-01,kobe,japanese_set,73
2025-01,kobe,katu_bowl,68
2025-01,kobe,omelet_rice,52
2025-01,kobe,pizza,36
2025-01,kobe,sandwich,18
2025-01,kobe,set_meal,68
2025-01,kobe,soba,58
2025-01,kobe,spaghetti,31
2025-01,kobe,udon,73
2025-02,kobe,curry,68
2025-02,kobe,doria,42
2025-02,kobe,fried_rice,59
2025-02,kobe,japanese_set,86
2025-02,kobe,katu_bowl,71
2025-02,kobe,omelet_rice,53
2025-02,kobe,pizza,42
2025-02,kobe,sandwich,25
2025-02,kobe,set_meal,74
2025-02,kobe,soba,61
2025-02,kobe,spaghetti,29
2025-02,kobe,udon,61
2025-03,kobe,curry,64
2025-03,kobe,doria,28
2025-03,kobe,fried_rice,37
2025-03,kobe,japanese_set,79
2025-03,kobe,katu_bowl,69
2025-03,kobe,omelet_rice,75
2025-03,kobe,pizza,40
2025-03,kobe,sandwich,17
2025-03,kobe,set_meal,62
2025-03,kobe,soba,60
2025-03,kobe,spaghetti,36
2025-03,kobe,udon,66
2025-04,kobe,curry,59
2025-04,kobe,doria,40
2025-04,kobe,fried_rice,53
2025-04,kobe,japanese_set,77
2025-04,kobe,katu_bowl,57
2025-04,kobe,omelet_rice,51
2025-04,kobe,pizza,39
2025-04,kobe,sandwich,23
2025-04,kobe,set_meal,86
2025-04,kobe,soba,60
2025-04,kobe,spaghetti,17
2025-04,kobe,udon,49
2025-05,kobe,curry,92
2025-05,kobe,doria,53
2025-05,kobe,fried_rice,58
2025-05,kobe,japanese_set,72
2025-05,kobe,katu_bowl,53
2025-05,kobe,omelet_rice,74
2025-05,kobe,pizza,32
2025-05,kobe,sandwich,20
2025-05,kobe,set_meal,56
2025-05,kobe,soba,67
2025-05,kobe,spaghetti,36
2025-05,kobe,udon,58
2025-06,kobe,curry,69
2025-06,kobe,doria,40
2025-06,kobe,fried_rice,59
2025-06,kobe,japanese_set,69
2025-06,kobe,katu_bowl,68
2025-06,kobe,omelet_rice,61
2025-06,kobe,pizza,48
2025-06,kobe,sandwich,15
2025-06,kobe,set_meal,63
2025-06,kobe,soba,52
2025-06,kobe,spaghetti,21
2025-06,kobe,udon,52
2025-07,kobe,curry,69
2025-07,kobe,doria,39
2025-07,kobe,fried_rice,50
2025-07,kobe,japanese_set,63
2025-07,kobe,katu_bowl,70
2025-07,kobe,omelet_rice,55
2025-07,kobe,pizza,46
2025-07,kobe,sandwich,20
2025-07,kobe,set_meal,75
2025-07,kobe,soba,54
2025-07,kobe,spaghetti,29
2025-07,kobe,udon,67
2025-08,kobe,curry,76
2025-08,kobe,doria,47
2025-08,kobe,fried_rice,53
2025-08,kobe,japanese_set,77
2025-08,kobe,katu_bowl,66
2025-08,kobe,omelet_rice,67
2025-08,kobe,pizza,35
2025-08,kobe,sandwich,21
2025-08,kobe,set_meal,53
2025-08,kobe,soba,49
2025-08,kobe,spaghetti,37
2025-08,kobe,udon,61
2025-09,kobe,curry,72
2025-09,kobe,doria,45
2025-09,kobe,fried_rice,51
2025-09,kobe,japanese_set,71
2025-09,kobe,katu_bowl,60
2025-09,kobe,omelet_rice,54
2025-09,kobe,pizza,45
2025-09,kobe,sandwich,21
2025-09,kobe,set_meal,65
2025-09,kobe,soba,63
2025-09,kobe,spaghetti,23
2025-09,kobe,udon,71
2025-10,kobe,curry,65
2025-10,kobe,doria,41
2025-10,kobe,fried_rice,40
2025-10,kobe,japanese_set,69
2025-10,kobe,katu_bowl,70
2025-10,kobe,omelet_rice,51
2025-10,kobe,pizza,37
2025-10,kobe,sandwich,21
2025-10,kobe,set_meal,71
2025-10,kobe,soba,75
2025-10,kobe,spaghetti,38
2025-10,kobe,udon,66
2025-11,kobe,curry,72
2025-11,kobe,doria,37
2025-11,kobe,fried_rice,46
2025-11,kobe,japanese_set,82
2025-11,kobe,katu_bowl,70
2025-11,kobe,omelet_rice,65
2025-11,kobe,pizza,35
2025-11,kobe,sandwich,20
2025-11,kobe,set_meal,81
2025-11,kobe,soba,64
2025-11,kobe,spaghetti,24
2025-11,kobe,udon,47
2025-12,kobe,curry,61
2025-12,kobe,doria,38
2025-12,kobe,fried_rice,51
2025-12,kobe,japanese_set,77
2025-12,kobe,katu_bowl,63
2025-12,kobe,omelet_rice,53
2025-12,kobe,pizza,32
2025-12,kobe,sandwich,9
2025-12,kobe,set_meal,75
2025-12,kobe,soba,62
2025-12,kobe,spaghetti,27
2025-12,kobe,udon,58
2024-01,kyoto,curry,63
2024-01,kyoto,doria,54
2024-01,kyoto,fried_rice,46
2024-01,kyoto,japanese_set,73
2024-01,kyoto,katu_bowl,60
2024-01,kyoto,omelet_rice,49
2024-01,kyoto,pizza,46
2024-01,kyoto,sandwich,21
2024-01,kyoto,set_meal,87
2024-01,kyoto,soba,51
2024-01,kyoto,spaghetti,32
2024-01,kyoto,udon,58
2024-02,kyoto,curry,59
2024-02,kyoto,doria,45
2024-02,kyoto,fried_rice,41
2024-02,kyoto,japanese_set,53
2024-02,kyoto,katu_bowl,72
2024-02,kyoto,omelet_rice,54
2024-02,kyoto,pizza,44
2024-02,kyoto,sandwich,25
2024-02,kyoto,set_meal,71
2024-02,kyoto,soba,56
2024-02,kyoto,spaghetti,31
2024-02,kyoto,udon,57
2024-03,kyoto,curry,60
2024-03,kyoto,doria,51
2024-03,kyoto,fried_rice,43
2024-03,kyoto,japanese_set,56
2024-03,kyoto,katu_bowl,69
2024-03,kyoto,omelet_rice,57
2024-03,kyoto,pizza,39
2024-03,kyoto,sandwich,19
2024-03,kyoto,set_meal,66
2024-03,kyoto,soba,51
2024-03,kyoto,spaghetti,37
2024-03,kyoto,udon,80
2024-04,kyoto,curry,58
2024-04,kyoto,doria,52
2024-04,kyoto,fried_rice,42
2024-04,kyoto,japanese_set,68
2024-04,kyoto,katu_bowl,70
2024-04,kyoto,omelet_rice,57
2024-04,kyoto,pizza,50
2024-04,kyoto,sandwich,18
2024-04,kyoto,set_meal,66
2024-04,kyoto,soba,46
2024-04,kyoto,spaghetti,24
2024-04,kyoto,udon,52
2024-05,kyoto,curry,45
2024-05,kyoto,doria,38
2024-05,kyoto,fried_rice,33
2024-05,kyoto,japanese_set,74
2024-05,kyoto,katu_bowl,57
2024-05,kyoto,omelet_rice,49
2024-05,kyoto,pizza,30
2024-05,kyoto,sandwich,17
2024-05,kyoto,set_meal,67
2024-05,kyoto,soba,67
2024-05,kyoto,spaghetti,28
2024-05,kyoto,udon,52
2024-06,kyoto,curry,75
2024-06,kyoto,doria,43
2024-06,kyoto,fried_rice,57
2024-06,kyoto,japanese_set,66
2024-06,kyoto,katu_bowl,53
2024-06,kyoto,omelet_rice,48
2024-06,kyoto,pizza,36
2024-06,kyoto,sandwich,23
2024-06,kyoto,set_meal,82
2024-06,kyoto,soba,45
2024-06,kyoto,spaghetti,32
2024-06,kyoto,udon,66
2024-07,kyoto,curry,74
2024-07,kyoto,doria,40
2024-07,kyoto,fried_rice,35
2024-07,kyoto,japanese_set,72
2024-07,kyoto,katu_bowl,58
2024-07,kyoto,omelet_rice,58
2024-07,kyoto,pizza,43
2024-07,kyoto,sandwich,16
2024-07,kyoto,set_meal,68
2024-07,kyoto,soba,65
2024-07,kyoto,spaghetti,34
2024-07,kyoto,udon,50
2024-08,kyoto,curry,63
2024-08,kyoto,doria,45
2024-08,kyoto,fried_rice,58
2024-08,kyoto,japanese_set,55
2024-08,kyoto,katu_bowl,60
2024-08,kyoto,omelet_rice,51
2024-08,kyoto,pizza,34
2024-08,kyoto,sandwich,24
2024-08,kyoto,set_meal,78
2024-08,kyoto,soba,51
2024-08,kyoto,spaghetti,27
2024-08,kyoto,udon,60
2024-09,kyoto,curry,75
2024-09,kyoto,doria,28
2024-09,kyoto,fried_rice,44
2024-09,kyoto,japanese_set,76
2024-09,kyoto,katu_bowl,66
2024-09,kyoto,omelet_rice,60
2024-09,kyoto,pizza,29
2024-09,kyoto,sandwich,35
2024-09,kyoto,set_meal,64
2024-09,kyoto,soba,50
2024-09,kyoto,spaghetti,29
2024-09,kyoto,udon,58
2024-10,kyoto,curry,65
2024-10,kyoto,doria,43
2024-10,kyoto,fried_rice,47
2024-10,kyoto,japanese_set,72
2024-10,kyoto,katu_bowl,58
2024-10,kyoto,omelet_rice,61
2024-10,kyoto,pizza,40
2024-10,kyoto,sandwich,18
2024-10,kyoto,set_meal,70
2024-10,kyoto,soba,50
2024-10,kyoto,spaghetti,32
2024-10,kyoto,udon,60
2024-11,kyoto,curry,62
2024-11,kyoto,doria,45
2024-11,kyoto,fried_rice,48
2024-11,kyoto,japanese_set,80
2024-11,kyoto,katu_bowl,59
2024-11,kyoto,omelet_rice,48
2024-11,kyoto,pizza,42
2024-11,kyoto,sandwich,18
2024-11,kyoto,set_meal,56
2024-11,kyoto,soba,66
2024-11,kyoto,spaghetti,27
2024-11,kyoto,udon,64
2024-12,kyoto,curry,67
2024-12,kyoto,doria,30
2024-12,kyoto,fried_rice,50
2024-12,kyoto,japanese_set,70
2024-12,kyoto,katu_bowl,48
2024-12,kyoto,omelet_rice,48
2024-12,kyoto,pizza,44
2024-12,kyoto,sandwich,17
2024-12,kyoto,set_meal,56
2024-12,kyoto,soba,60
2024-12,kyoto,spaghetti,28
2024-12,kyoto,udon,52
2025-01,kyoto,curry,62
2025-01,kyoto,doria,41
2025-01,kyoto,fried_rice,50
2025-01,kyoto,japanese_set,54
2025-01,kyoto,katu_bowl,52
2025-01,kyoto,omelet_rice,50
2025-01,kyoto,pizza,45
2025-01,kyoto,sandwich,19
2025-01,kyoto,set_meal,71
2025-01,kyoto,soba,52
2025-01,kyoto,spaghetti,13
2025-01,kyoto,udon,63
2025-02,kyoto,curry,56
2025-02,kyoto,doria,47
2025-02,kyoto,fried_rice,60
2025-02,kyoto,japanese_set,74
2025-02,kyoto,katu_bowl,63
2025-02,kyoto,omelet_rice,46
2025-02,kyoto,pizza,30
2025-02,kyoto,sandwich,13
2025-02,kyoto,set_meal,66
2025-02,kyoto,soba,51
2025-02,kyoto,spaghetti,31
2025-02,kyoto,udon,55
2025-03,kyoto,curry,62
2025-03,kyoto,doria,40
2025-03,kyoto,fried_rice,46
2025-03,kyoto,japanese_set,73
2025-03,kyoto,katu_bowl,55
2025-03,kyoto,omelet_rice,38
2025-03,kyoto,pizza,40
2025-03,kyoto,sandwich,13
2025-03,kyoto,set_meal,49
2025-03,kyoto,soba,56
2025-03,kyoto,spaghetti,32
2025-03,kyoto,udon,50
2025-04,kyoto,curry,71
2025-04,kyoto,doria,38
2025-04,kyoto,fried_rice,45
2025-04,kyoto,japanese_set,79
2025-04,kyoto,katu_bowl,66
2025-04,kyoto,omelet_rice,37
2025-04,kyoto,pizza,43
2025-04,kyoto,sandwich,22
2025-04,kyoto,set_meal,80
2025-04,kyoto,soba,46
2025-04,kyoto,spaghetti,27
2025-04,kyoto,udon,61
2025-05,kyoto,curry,65
2025-05,kyoto,doria,47
2025-05,kyoto,fried_rice,49
2025-05,kyoto,japanese_set,83
2025-05,kyoto,katu_bowl,74
2025-05,kyoto,omelet_rice,48
2025-05,kyoto,pizza,43
2025-05,kyoto,sandwich,12
2025-05,kyoto,set_meal,59
2025-05,kyoto,soba,47
2025-05,kyoto,spaghetti,29
2025-05,kyoto,udon,59
2025-06,kyoto,curry,65
2025-06,kyoto,doria,45
2025-06,kyoto,fried_rice,57
2025-06,kyoto,japanese_set,80
2025-06,kyoto,katu_bowl,51
2025-06,kyoto,omelet_rice,46
2025-06,kyoto,pizza,32
2025-06,kyoto,sandwich,9
2025-06,kyoto,set_meal,66
2025-06,kyoto,soba,47
2025-06,kyoto,spaghetti,25
2025-06,kyoto,udon,51
2025-07,kyoto,curry,70
2025-07,kyoto,doria,44
2025-07,kyoto,fried_rice,57
2025-07,kyoto,japanese_set,76
2025-07,kyoto,katu_bowl,50
2025-07,kyoto,omelet_rice,55
2025-07,kyoto,pizza,26
2025-07,kyoto,sandwich,17
2025-07,kyoto,set_meal,62
2025-07,kyoto,soba,63
2025-07,kyoto,spaghetti,25
2025-07,kyoto,udon,59
2025-08,kyoto,curry,72
2025-08,kyoto,doria,52
2025-08,kyoto,fried_rice,44
2025-08,kyoto,japanese_set,65
2025-08,kyoto,katu_bowl,59
2025-08,kyoto,omelet_rice,55
2025-08,kyoto,pizza,28
2025-08,kyoto,sandwich,26
2025-08,kyoto,set_meal,49
2025-08,kyoto,soba,49
2025-08,kyoto,spaghetti,31
2025-08,kyoto,udon,51
2025-09,kyoto,curry,54
2025-09,kyoto,doria,49
2025-09,kyoto,fried_rice,37
2025-09,kyoto,japanese_set,70
2025-09,kyoto,katu_bowl,69
2025-09,kyoto,omelet_rice,66
2025-09,kyoto,pizza,36
2025-09,kyoto,sandwich,17
2025-09,kyoto,set_meal,64
2025-09,kyoto,soba,51
2025-09,kyoto,spaghetti,37
2025-09,kyoto,udon,59
2025-10,kyoto,curry,52
2025-10,kyoto,doria,37
2025-10,kyoto,fried_rice,29
2025-10,kyoto,japanese_set,81
2025-10,kyoto,katu_bowl,55
2025-10,kyoto,omelet_rice,55
2025-10,kyoto,pizza,39
2025-10,kyoto,sandwich,17
2025-10,kyoto,set_meal,50
2025-10,kyoto,soba,52
2025-10,kyoto,spaghetti,26
2025-10,kyoto,udon,59
2025-11,kyoto,curry,51
2025-11,kyoto,doria,39
2025-11,kyoto,fried_rice,60
2025-11,kyoto,japanese_set,58
2025-11,kyoto,katu_bowl,61
2025-11,kyoto,omelet_rice,47
2025-11,kyoto,pizza,34
2025-11,kyoto,sandwich,13
2025-11,kyoto,set_meal,68
2025-11,kyoto,soba,53
2025-11,kyoto,spaghetti,35
2025-11,kyoto,udon,55
2025-12,kyoto,curry,56
2025-12,kyoto,doria,37
2025-12,kyoto,fried_rice,44
2025-12,kyoto,japanese_set,60
2025-12,kyoto,katu_bowl,69
2025-12,kyoto,omelet_rice,49
2025-12,kyoto,pizza,41
2025-12,kyoto,sandwich,20
2025-12,kyoto,set_meal,72
2025-12,kyoto,soba,47
2025-12,kyoto,spaghetti,26
2025-12,kyoto,udon,60
2024-01,nishinomiya,curry,40
2024-01,nishinomiya,doria,27
2024-01,nishinomiya,fried_rice,22
2024-01,nishinomiya,japanese_set,43
2024-01,nishinomiya,katu_bowl,40
2024-01,nishinomiya,omelet_rice,42
2024-01,nishinomiya,pizza,21
2024-01,nishinomiya,sandwich,11
2024-01,nishinomiya,set_meal,32
2024-01,nishinomiya,soba,30
2024-01,nishinomiya,spaghetti,14
2024-01,nishinomiya,udon,31
2024-02,nishinomiya,curry,42
2024-02,nishinomiya,doria,26
2024-02,nishinomiya,fried_rice,22
2024-02,nishinomiya,japanese_set,36
2024-02,nishinomiya,katu_bowl,37
2024-02,nishinomiya,omelet_rice,33
2024-02,nishinomiya,pizza,29
2024-02,nishinomiya,sandwich,11
2024-02,nishinomiya,set_meal,39
2024-02,nishinomiya,soba,31
2024-02,nishinomiya,spaghetti,15
2024-02,nishinomiya,udon,43
2024-03,nishinomiya,curry,33
2024-03,nishinomiya,doria,23
2024-03,nishinomiya,fried_rice,25
2024-03,nishinomiya,japanese_set,46
2024-03,nishinomiya,katu_bowl,31
2024-03,nishinomiya,omelet_rice,25
2024-03,nishinomiya,pizza,23
2024-03,nishinomiya,sandwich,14
2024-03,nishinomiya,set_meal,28
2024-03,nishinomiya,soba,37
2024-03,nishinomiya,spaghetti,20
2024-03,nishinomiya,udon,45
2024-04,nishinomiya,curry,37
2024-04,nishinomiya,doria,31
2024-04,nishinomiya,fried_rice,28
2024-04,nishinomiya,japanese_set,36
2024-04,nishinomiya,katu_bowl,32
2024-04,nishinomiya,omelet_rice,36
2024-04,nishinomiya,pizza,20
2024-04,nishinomiya,sandwich,17
2024-04,nishinomiya,set_meal,49
2024-04,nishinomiya,soba,36
2024-04,nishinomiya,spaghetti,17
2024-04,nishinomiya,udon,38
2024-05,nishinomiya,curry,41
2024-05,nishinomiya,doria,33
2024-05,nishinomiya,fried_rice,38
2024-05,nishinomiya,japanese_set,32
2024-05,nishinomiya,katu_bowl,38
2024-05,nishinomiya,omelet_rice,39
2024-05,nishinomiya,pizza,25
2024-05,nishinomiya,sandwich,8
2024-05,nishinomiya,set_meal,41
2024-05,nishinomiya,soba,30
2024-05,nishinomiya,spaghetti,15
2024-05,nishinomiya,udon,31
2024-06,nishinomiya,curry,34
2024-06,nishinomiya,doria,28
2024-06,nishinomiya,fried_rice,26
2024-06,nishinomiya,japanese_set,48
2024-06,nishinomiya,katu_bowl,44
2024-06,nishinomiya,omelet_rice,23
2024-06,nishinomiya,pizza,30
2024-06,nishinomiya,sandwich,12
2024-06,nishinomiya,set_meal,41
2024-06,nishinomiya,soba,22
2024-06,nishinomiya,spaghetti,25
2024-06,nishinomiya,udon,41
2024-07,nishinomiya,curry,41
2024-07,nishinomiya,doria,28
2024-07,nishinomiya,fried_rice,34
2024-07,nishinomiya,japanese_set,49
2024-07,nishinomiya,katu_bowl,47
2024-07,nishinomiya,omelet_rice,26
2024-07,nishinomiya,pizza,32
2024-07,nishinomiya,sandwich,8
2024-07,nishinomiya,set_meal,51
2024-07,nishinomiya,soba,42
2024-07,nishinomiya,spaghetti,13
2024-07,nishinomiya,udon,39
2024-08,nishinomiya,curry,40
2024-08,nishinomiya,doria,29
2024-08,nishinomiya,fried_rice,36
2024-08,nishinomiya,japanese_set,51
2024-08,nishinomiya,katu_bowl,45
2024-08,nishinomiya,omelet_rice,27
2024-08,nishinomiya,pizza,19
2024-08,nishinomiya,sandwich,13
2024-08,nishinomiya,set_meal,40
2024-08,nishinomiya,soba,33
2024-08,nishinomiya,spaghetti,16
2024-08,nishinomiya,udon,35
2024-09,nishinomiya,curry,45
2024-09,nishinomiya,doria,39
2024-09,nishinomiya,fried_rice,29
2024-09,nishinomiya,japanese_set,46
2024-09,nishinomiya,katu_bowl,31
2024-09,nishinomiya,omelet_rice,38
2024-09,nishinomiya,pizza,28
2024-09,nishinomiya,sandwich,8
2024-09,nishinomiya,set_meal,49
2024-09,nishinomiya,soba,42
2024-09,nishinomiya,spaghetti,17
2024-09,nishinomiya,udon,39
2024-10,nishinomiya,curry,45
2024-10,nishinomiya,doria,26
2024-10,nishinomiya,fried_rice,28
2024-10,nishinomiya,japanese_set,47
2024-10,nishinomiya,katu_bowl,40
2024-10,nishinomiya,omelet_rice,31
2024-10,nishinomiya,pizza,21
2024-10,nishinomiya,sandwich,8
2024-10,nishinomiya,set_meal,43
2024-10,nishinomiya,soba,26
2024-10,nishinomiya,spaghetti,19
2024-10,nishinomiya,udon,27
2024-11,nishinomiya,curry,41
2024-11,nishinomiya,doria,22
2024-11,nishinomiya,fried_rice,40
2024-11,nishinomiya,japanese_set,35
2024-11,nishinomiya,katu_bowl,33
2024-11,nishinomiya,omelet_rice,33
2024-11,nishinomiya,pizza,24
2024-11,nishinomiya,sandwich,19
2024-11,nishinomiya,set_meal,41
2024-11,nishinomiya,soba,31
2024-11,nishinomiya,spaghetti,16
2024-11,nishinomiya,udon,30
2024-12,nishinomiya,curry,42
2024-12,nishinomiya,doria,26
2024-12,nishinomiya,fried_rice,32
2024-12,nishinomiya,japanese_set,42
2024-12,nishinomiya,katu_bowl,33
2024-12,nishinomiya,omelet_rice,30
2024-12,nishinomiya,pizza,18
2024-12,nishinomiya,sandwich,9
2024-12,nishinomiya,set_meal,38
2024-12,nishinomiya,soba,45
2024-12,nishinomiya,spaghetti,19
2024-12,nishinomiya,udon,48
2025-01,nishinomiya,curry,36
2025-01,nishinomiya,doria,22
2025-01,nishinomiya,fried_rice,32
2025-01,nishinomiya,japanese_set,44
2025-01,nishinomiya,katu_bowl,29
2025-01,nishinomiya,omelet_rice,38
2025-01,nishinomiya,pizza,24
2025-01,nishinomiya,sandwich,20
2025-01,nishinomiya,set_meal,36
2025-01,nishinomiya,soba,37
2025-01,nishinomiya,spaghetti,24
2025-01,nishinomiya,udon,33
2025-02,nishinomiya,curry,48
2025-02,nishinomiya,doria,26
2025-02,nishinomiya,fried_rice,28
2025-02,nishinomiya,japanese_set,43
2025-02,nishinomiya,katu_bowl,36
2025-02,nishinomiya,omelet_rice,36
2025-02,nishinomiya,pizza,28
2025-02,nishinomiya,sandwich,9
2025-02,nishinomiya,set_meal,47
2025-02,nishinomiya,soba,33
2025-02,nishinomiya,spaghetti,8
2025-02,nishinomiya,udon,32
2025-03,nishinomiya,curry,37
2025-03,nishinomiya,doria,31
2025-03,nishinomiya,fried_rice,22
2025-03,nishinomiya,japanese_set,47
2025-03,nishinomiya,katu_bowl,42
2025-03,nishinomiya,omelet_rice,42
2025-03,nishinomiya,pizza,17
2025-03,nishinomiya,sandwich,12
2025-03,nishinomiya,set_meal,46
2025-03,nishinomiya,soba,43
2025-03,nishinomiya,spaghetti,20
2025-03,nishinomiya,udon,46
2025-04,nishinomiya,curry,37
2025-04,nishinomiya,doria,32
2025-04,nishinomiya,fried_rice,41
2025-04,nishinomiya,japanese_set,34
2025-04,nishinomiya,katu_bowl,45
2025-04,nishinomiya,omelet_rice,34
2025-04,nishinomiya,pizza,16
2025-04,nishinomiya,sandwich,9
2025-04,nishinomiya,set_meal,50
2025-04,nishinomiya,soba,38
2025-04,nishinomiya,spaghetti,23
2025-04,nishinomiya,udon,31
2025-05,nishinomiya,curry,39
2025-05,nishinomiya,doria,35
2025-05,nishinomiya,fried_rice,32
2025-05,nishinomiya,japanese_set,42
2025-05,nishinomiya,katu_bowl,37
2025-05,nishinomiya,omelet_rice,27
2025-05,nishinomiya,pizza,25
2025-05,nishinomiya,sandwich,12
2025-05,nishinomiya,set_meal,42
2025-05,nishinomiya,soba,30
2025-05,nishinomiya,spaghetti,17
2025-05,nishinomiya,udon,36
2025-06,nishinomiya,curry,47
2025-06,nishinomiya,doria,23
2025-06,nishinomiya,fried_rice,41
2025-06,nishinomiya,japanese_set,39
2025-06,nishinomiya,katu_bowl,41
2025-06,nishinomiya,omelet_rice,18
2025-06,nishinomiya,pizza,30
2025-06,nishinomiya,sandwich,15
2025-06,nishinomiya,set_meal,51
2025-06,nishinomiya,soba,33
2025-06,nishinomiya,spaghetti,18
2025-06,nishinomiya,udon,45
2025-07,nishinomiya,curry,37
2025-07,nishinomiya,doria,20
2025-07,nishinomiya,fried_rice,30
2025-07,nishinomiya,japanese_set,53
2025-07,nishinomiya,katu_bowl,38
2025-07,nishinomiya,omelet_rice,33
2025-07,nishinomiya,pizza,28
2025-07,nishinomiya,sandwich,16
2025-07,nishinomiya,set_meal,29
2025-07,nishinomiya,soba,30
2025-07,nishinomiya,spaghetti,10
2025-07,nishinomiya,udon,24
2025-08,nishinomiya,curry,37
2025-08,nishinomiya,doria,27
2025-08,nishinomiya,fried_rice,27
2025-08,nishinomiya,japanese_set,29
2025-08,nishinomiya,katu_bowl,38
2025-08,nishinomiya,omelet_rice,37
2025-08,nishinomiya,pizza,40
2025-08,nishinomiya,sandwich,12
2025-08,nishinomiya,set_meal,41
2025-08,nishinomiya,soba,35
2025-08,nishinomiya,spaghetti,14
2025-08,nishinomiya,udon,43
2025-09,nishinomiya,curry,49
2025-09,nishinomiya,doria,37
2025-09,nishinomiya,fried_rice,30
2025-09,nishinomiya,japanese_set,42
2025-09,nishinomiya,katu_bowl,41
2025-09,nishinomiya,omelet_rice,41
2025-09,nishinomiya,pizza,25
2025-09,nishinomiya,sandwich,14
2025-09,nishinomiya,set_meal,42
2025-09,nishinomiya,soba,27
2025-09,nishinomiya,spaghetti,25
2025-09,nishinomiya,udon,46
2025-10,nishinomiya,curry,51
2025-10,nishinomiya,doria,21
2025-10,nishinomiya,fried_rice,35
2025-10,nishinomiya,japanese_set,52
2025-10,nishinomiya,katu_bowl,41
2025-10,nishinomiya,omelet_rice,29
2025-10,nishinomiya,pizza,18
2025-10,nishinomiya,sandwich,9
2025-10,nishinomiya,set_meal,52
2025-10,nishinomiya,soba,40
2025-10,nishinomiya,spaghetti,25
2025-10,nishinomiya,udon,34
2025-11,nishinomiya,curry,39
2025-11,nishinomiya,doria,22
2025-11,nishinomiya,fried_rice,26
2025-11,nishinomiya,japanese_set,38
2025-11,nishinomiya,katu_bowl,46
2025-11,nishinomiya,omelet_rice,39
2025-11,nishinomiya,pizza,25
2025-11,nishinomiya,sandwich,8
2025-11,nishinomiya,set_meal,40
2025-11,nishinomiya,soba,34
2025-11,nishinomiya,spaghetti,22
2025-11,nishinomiya,udon,41
2025-12,nishinomiya,curry,43
2025-12,nishinomiya,doria,19
2025-12,nishinomiya,fried_rice,29
2025-12,nishinomiya,japanese_set,53
2025-12,nishinomiya,katu_bowl,42
2025-12,nishinomiya,omelet_rice,36
2025-12,nishinomiya,pizza,24
2025-12,nishinomiya,sandwich,12
2025-12,nishinomiya,set_meal,39
2025-12,nishinomiya,soba,31
2025-12,nishinomiya,spaghetti,22
2025-12,nishinomiya,udon,35
2024-01,okamoto,curry,46
2024-01,okamoto,doria,40
2024-01,okamoto,fried_rice,34
2024-01,okamoto,japanese_set,51
2024-01,okamoto,katu_bowl,51
2024-01,okamoto,omelet_rice,36
2024-01,okamoto,pizza,27
2024-01,okamoto,sandwich,16
2024-01,okamoto,set_meal,57
2024-01,okamoto,soba,55
2024-01,okamoto,spaghetti,29
2024-01,okamoto,udon,60
2024-02,okamoto,curry,37
2024-02,okamoto,doria,27
2024-02,okamoto,fried_rice,48
2024-02,okamoto,japanese_set,56
2024-02,okamoto,katu_bowl,53
2024-02,okamoto,omelet_rice,42
2024-02,okamoto,pizza,24
2024-02,okamoto,sandwich,12
2024-02,okamoto,set_meal,61
2024-02,okamoto,soba,46
2024-02,okamoto,spaghetti,20
2024-02,okamoto,udon,48
2024-03,okamoto,curry,52
2024-03,okamoto,doria,36
2024-03,okamoto,fried_rice,36
2024-03,okamoto,japanese_set,51
2024-03,okamoto,katu_bowl,42
2024-03,okamoto,omelet_rice,43
2024-03,okamoto,pizza,32
2024-03,okamoto,sandwich,18
2024-03,okamoto,set_meal,69
2024-03,okamoto,soba,49
2024-03,okamoto,spaghetti,28
2024-03,okamoto,udon,39
2024-04,okamoto,curry,54
2024-04,okamoto,doria,42
2024-04,okamoto,fried_rice,46
2024-04,okamoto,japanese_set,39
2024-04,okamoto,katu_bowl,49
2024-04,okamoto,omelet_rice,56
2024-04,okamoto,pizza,21
2024-04,okamoto,sandwich,13
2024-04,okamoto,set_meal,51
2024-04,okamoto,soba,51
2024-04,okamoto,spaghetti,27
2024-04,okamoto,udon,48
2024-05,okamoto,curry,64
2024-05,okamoto,doria,47
2024-05,okamoto,fried_rice,41
2024-05,okamoto,japanese_set,69
2024-05,okamoto,katu_bowl,46
2024-05,okamoto,omelet_rice,55
2024-05,okamoto,pizza,28
2024-05,okamoto,sandwich,15
2024-05,okamoto,set_meal,65
2024-05,okamoto,soba,41
2024-05,okamoto,spaghetti,34
2024-05,okamoto,udon,43
2024-06,okamoto,curry,50
2024-06,okamoto,doria,40
2024-06,okamoto,fried_rice,41
2024-06,okamoto,japanese_set,50
2024-06,okamoto,katu_bowl,56
2024-06,okamoto,omelet_rice,47
2024-06,okamoto,pizza,26
2024-06,okamoto,sandwich,20
2024-06,okamoto,set_meal,57
2024-06,okamoto,soba,43
2024-06,okamoto,spaghetti,31
2024-06,okamoto,udon,51
2024-07,okamoto,curry,50
2024-07,okamoto,doria,45
2024-07,okamoto,fried_rice,36
2024-07,okamoto,japanese_set,56
2024-07,okamoto,katu_bowl,54
2024-07,okamoto,omelet_rice,45
2024-07,okamoto,pizza,27
2024-07,okamoto,sandwich,19
2024-07,okamoto,set_meal,48
2024-07,okamoto,soba,51
2024-07,okamoto,spaghetti,24
2024-07,okamoto,udon,44
2024-08,okamoto,curry,49
2024-08,okamoto,doria,38
2024-08,okamoto,fried_rice,47
2024-08,okamoto,japanese_set,51
2024-08,okamoto,katu_bowl,47
2024-08,okamoto,omelet_rice,35
2024-08,okamoto,pizza,37
2024-08,okamoto,sandwich,23
2024-08,okamoto,set_meal,53
2024-08,okamoto,soba,42
2024-08,okamoto,spaghetti,29
2024-08,okamoto,udon,49
2024-09,okamoto,curry,68
2024-09,okamoto,doria,43
2024-09,okamoto,fried_rice,31
2024-09,okamoto,japanese_set,48
2024-09,okamoto,katu_bowl,46
2024-09,okamoto,omelet_rice,40
2024-09,okamoto,pizza,23
2024-09,okamoto,sandwich,14
2024-09,okamoto,set_meal,49
2024-09,okamoto,soba,47
2024-09,okamoto,spaghetti,17
2024-09,okamoto,udon,47
2024-10,okamoto,curry,50
2024-10,okamoto,doria,31
2024-10,okamoto,fried_rice,36
2024-10,okamoto,japanese_set,48
2024-10,okamoto,katu_bowl,49
2024-10,okamoto,omelet_rice,31
2024-10,okamoto,pizza,27
2024-10,okamoto,sandwich,12
2024-10,okamoto,set_meal,55
2024-10,okamoto,soba,38
2024-10,okamoto,spaghetti,20
2024-10,okamoto,udon,63
2024-11,okamoto,curry,51
2024-11,okamoto,doria,37
2024-11,okamoto,fried_rice,30
2024-11,okamoto,japanese_set,53
2024-11,okamoto,katu_bowl,50
2024-11,okamoto,omelet_rice,47
2024-11,okamoto,pizza,36
2024-11,okamoto,sandwich,20
2024-11,okamoto,set_meal,88
2024-11,okamoto,soba,52
2024-11,okamoto,spaghetti,26
2024-11,okamoto,udon,49
2024-12,okamoto,curry,58
2024-12,okamoto,doria,35
2024-12,okamoto,fried_rice,55
2024-12,okamoto,japanese_set,52
2024-12,okamoto,katu_bowl,58
2024-12,okamoto,omelet_rice,54
2024-12,okamoto,pizza,33
2024-12,okamoto,sandwich,16
2024-12,okamoto,set_meal,41
2024-12,okamoto,soba,50
2024-12,okamoto,spaghetti,29
2024-12,okamoto,udon,50
2025-01,okamoto,curry,51
2025-01,okamoto,doria,49
2025-01,okamoto,fried_rice,32
2025-01,okamoto,japanese_set,57
2025-01,okamoto,katu_bowl,34
2025-01,okamoto,omelet_rice,35
2025-01,okamoto,pizza,34
2025-01,okamoto,sandwich,8
2025-01,okamoto,set_meal,53
2025-01,okamoto,soba,45
2025-01,okamoto,spaghetti,29
2025-01,okamoto,udon,47
2025-02,okamoto,curry,64
2025-02,okamoto,doria,49
2025-02,okamoto,fried_rice,37
2025-02,okamoto,japanese_set,53
2025-02,okamoto,katu_bowl,55
2025-02,okamoto,omelet_rice,36
2025-02,okamoto,pizza,30
2025-02,okamoto,sandwich,21
2025-02,okamoto,set_meal,63
2025-02,okamoto,soba,35
2025-02,okamoto,spaghetti,21
2025-02,okamoto,udon,40
2025-03,okamoto,curry,50
2025-03,okamoto,doria,44
2025-03,okamoto,fried_rice,46
2025-03,okamoto,japanese_set,54
2025-03,okamoto,katu_bowl,49
2025-03,okamoto,omelet_rice,41
2025-03,okamoto,pizza,25
2025-03,okamoto,sandwich,11
2025-03,okamoto,set_meal,46
2025-03,okamoto,soba,38
2025-03,okamoto,spaghetti,26
2025-03,okamoto,udon,48
2025-04,okamoto,curry,52
2025-04,okamoto,doria,36
2025-04,okamoto,fried_rice,47
2025-04,okamoto,japanese_set,57
2025-04,okamoto,katu_bowl,53
2025-04,okamoto,omelet_rice,50
2025-04,okamoto,pizza,25
2025-04,okamoto,sandwich,14
2025-04,okamoto,set_meal,59
2025-04,okamoto,soba,43
2025-04,okamoto,spaghetti,17
2025-04,okamoto,udon,45
2025-05,okamoto,curry,46
2025-05,okamoto,doria,33
2025-05,okamoto,fried_rice,42
2025-05,okamoto,japanese_set,60
2025-05,okamoto,katu_bowl,45
2025-05,okamoto,omelet_rice,50
2025-05,okamoto,pizza,27
2025-05,okamoto,sandwich,11
2025-05,okamoto,set_meal,53
2025-05,okamoto,soba,44
2025-05,okamoto,spaghetti,25
2025-05,okamoto,udon,41
2025-06,okamoto,curry,48
2025-06,okamoto,doria,29
2025-06,okamoto,fried_rice,37
2025-06,okamoto,japanese_set,63
2025-06,okamoto,katu_bowl,50
2025-06,okamoto,omelet_rice,46
2025-06,okamoto,pizza,36
2025-06,okamoto,sandwich,10
2025-06,okamoto,set_meal,47
2025-06,okamoto,soba,43
2025-06,okamoto,spaghetti,24
2025-06,okamoto,udon,46
2025-07,okamoto,curry,54
2025-07,okamoto,doria,40
2025-07,okamoto,fried_rice,53
2025-07,okamoto,japanese_set,49
2025-07,okamoto,katu_bowl,59
2025-07,okamoto,omelet_rice,40
2025-07,okamoto,pizza,29
2025-07,okamoto,sandwich,17
2025-07,okamoto,set_meal,58
2025-07,okamoto,soba,42
2025-07,okamoto,spaghetti,33
2025-07,okamoto,udon,48
2025-08,okamoto,curry,44
2025-08,okamoto,doria,33
2025-08,okamoto,fried_rice,37
2025-08,okamoto,japanese_set,48
2025-08,okamoto,katu_bowl,54
2025-08,okamoto,omelet_rice,40
2025-08,okamoto,pizza,31
2025-08,okamoto,sandwich,18
2025-08,okamoto,set_meal,53
2025-08,okamoto,soba,38
2025-08,okamoto,spaghetti,21
2025-08,okamoto,udon,45
2025-09,okamoto,curry,61
2025-09,okamoto,doria,45
2025-09,okamoto,fried_rice,35
2025-09,okamoto,japanese_set,52
2025-09,okamoto,katu_bowl,38
2025-09,okamoto,omelet_rice,34
2025-09,okamoto,pizza,42
2025-09,okamoto,sandwich,13
2025-09,okamoto,set_meal,60
2025-09,okamoto,soba,48
2025-09,okamoto,spaghetti,22
2025-09,okamoto,udon,56
2025-10,okamoto,curry,50
2025-10,okamoto,doria,38
2025-10,okamoto,fried_rice,39
2025-10,okamoto,japanese_set,67
2025-10,okamoto,katu_bowl,42
2025-10,okamoto,omelet_rice,34
2025-10,okamoto,pizza,34
2025-10,okamoto,sandwich,14
2025-10,okamoto,set_meal,44
2025-10,okamoto,soba,44
2025-10,okamoto,spaghetti,31
2025-10,okamoto,udon,57
2025-11,okamoto,curry,71
2025-11,okamoto,doria,27
2025-11,okamoto,fried_rice,30
2025-11,okamoto,japanese_set,53
2025-11,okamoto,katu_bowl,37
2025-11,okamoto,omelet_rice,34
2025-11,okamoto,pizza,37
2025-11,okamoto,sandwich,17
2025-11,okamoto,set_meal,46
2025-11,okamoto,soba,52
2025-11,okamoto,spaghetti,20
2025-11,okamoto,udon,56
2025-12,okamoto,curry,57
2025-12,okamoto,doria,27
2025-12,okamoto,fried_rice,41
2025-12,okamoto,japanese_set,45
2025-12,okamoto,katu_bowl,45
2025-12,okamoto,omelet_rice,53
2025-12,okamoto,pizza,38
2025-12,okamoto,sandwich,20
2025-12,okamoto,set_meal,66
2025-12,okamoto,soba,38
2025-12,okamoto,spaghetti,25
2025-12,okamoto,udon,53
2024-01,osaka,curry,55
2024-01,osaka,doria,44
2024-01,osaka,fried_rice,41
2024-01,osaka,japanese_set,71
2024-01,osaka,katu_bowl,56
2024-01,osaka,omelet_rice,44
2024-01,osaka,pizza,28
2024-01,osaka,sandwich,22
2024-01,osaka,set_meal,51
2024-01,osaka,soba,51
2024-01,osaka,spaghetti,24
2024-01,osaka,udon,68
2024-02,osaka,curry,51
2024-02,osaka,doria,41
2024-02,osaka,fried_rice,59
2024-02,osaka,japanese_set,69
2024-02,osaka,katu_bowl,63
2024-02,osaka,omelet_rice,49
2024-02,osaka,pizza,54
2024-02,osaka,sandwich,14
2024-02,osaka,set_meal,71
2024-02,osaka,soba,56
2024-02,osaka,spaghetti,26
2024-02,osaka,udon,66
2024-03,osaka,curry,58
2024-03,osaka,doria,59
2024-03,osaka,fried_rice,46
2024-03,osaka,japanese_set,64
2024-03,osaka,katu_bowl,70
2024-03,osaka,omelet_rice,58
2024-03,osaka,pizza,28
2024-03,osaka,sandwich,25
2024-03,osaka,set_meal,69
2024-03,osaka,soba,49
2024-03,osaka,spaghetti,22
2024-03,osaka,udon,50
2024-04,osaka,curry,63
2024-04,osaka,doria,43
2024-04,osaka,fried_rice,48
2024-04,osaka,japanese_set,62
2024-04,osaka,katu_bowl,65
2024-04,osaka,omelet_rice,47
2024-04,osaka,pizza,31
2024-04,osaka,sandwich,13
2024-04,osaka,set_meal,70
2024-04,osaka,soba,64
2024-04,osaka,spaghetti,41
2024-04,osaka,udon,55
2024-05,osaka,curry,66
2024-05,osaka,doria,39
2024-05,osaka,fried_rice,46
2024-05,osaka,japanese_set,63
2024-05,osaka,katu_bowl,63
2024-05,osaka,omelet_rice,49
2024-05,osaka,pizza,40
2024-05,osaka,sandwich,13
2024-05,osaka,set_meal,73
2024-05,osaka,soba,53
2024-05,osaka,spaghetti,23
2024-05,osaka,udon,67
2024-06,osaka,curry,68
2024-06,osaka,doria,44
2024-06,osaka,fried_rice,38
2024-06,osaka,japanese_set,71
2024-06,osaka,katu_bowl,58
2024-06,osaka,omelet_rice,63
2024-06,osaka,pizza,27
2024-06,osaka,sandwich,12
2024-06,osaka,set_meal,57
2024-06,osaka,soba,38
2024-06,osaka,spaghetti,27
2024-06,osaka,udon,59
2024-07,osaka,curry,71
2024-07,osaka,doria,45
2024-07,osaka,fried_rice,45
2024-07,osaka,japanese_set,60
2024-07,osaka,katu_bowl,56
2024-07,osaka,omelet_rice,56
2024-07,osaka,pizza,38
2024-07,osaka,sandwich,20
2024-07,osaka,set_meal,67
2024-07,osaka,soba,43
2024-07,osaka,spaghetti,17
2024-07,osaka,udon,72
2024-08,osaka,curry,69
2024-08,osaka,doria,38
2024-08,osaka,fried_rice,53
2024-08,osaka,japanese_set,69
2024-08,osaka,katu_bowl,55
2024-08,osaka,omelet_rice,50
2024-08,osaka,pizza,29
2024-08,osaka,sandwich,21
2024-08,osaka,set_meal,72
2024-08,osaka,soba,57
2024-08,osaka,spaghetti,26
2024-08,osaka,udon,58
2024-09,osaka,curry,70
2024-09,osaka,doria,47
2024-09,osaka,fried_rice,53
2024-09,osaka,japanese_set,55
2024-09,osaka,katu_bowl,60
2024-09,osaka,omelet_rice,48
2024-09,osaka,pizza,47
2024-09,osaka,sandwich,19
2024-09,osaka,set_meal,54
2024-09,osaka,soba,39
2024-09,osaka,spaghetti,28
2024-09,osaka,udon,51
2024-10,osaka,curry,69
2024-10,osaka,doria,48
2024-10,osaka,fried_rice,43
2024-10,osaka,japanese_set,70
2024-10,osaka,katu_bowl,75
2024-10,osaka,omelet_rice,44
2024-10,osaka,pizza,38
2024-10,osaka,sandwich,17
2024-10,osaka,set_meal,61
2024-10,osaka,soba,54
2024-10,osaka,spaghetti,33
2024-10,osaka,udon,62
2024-11,osaka,curry,65
2024-11,osaka,doria,38
2024-11,osaka,fried_rice,31
2024-11,osaka,japanese_set,61
2024-11,osaka,katu_bowl,73
2024-11,osaka,omelet_rice,40
2024-11,osaka,pizza,41
2024-11,osaka,sandwich,12
2024-11,osaka,set_meal,62
2024-11,osaka,soba,54
2024-11,osaka,spaghetti,30
2024-11,osaka,udon,61
2024-12,osaka,curry,66
2024-12,osaka,doria,36
2024-12,osaka,fried_rice,41
2024-12,osaka,japanese_set,60
2024-12,osaka,katu_bowl,66
2024-12,osaka,omelet_rice,56
2024-12,osaka,pizza,30
2024-12,osaka,sandwich,14
2024-12,osaka,set_meal,60
2024-12,osaka,soba,42
2024-12,osaka,spaghetti,36
2024-12,osaka,udon,71
2025-01,osaka,curry,52
2025-01,osaka,doria,39
2025-01,osaka,fried_rice,59
2025-01,osaka,japanese_set,61
2025-01,osaka,katu_bowl,58
2025-01,osaka,omelet_rice,40
2025-01,osaka,pizza,45
2025-01,osaka,sandwich,14
2025-01,osaka,set_meal,66
2025-01,osaka,soba,47
2025-01,osaka,spaghetti,32
2025-01,osaka,udon,61
2025-02,osaka,curry,56
2025-02,osaka,doria,29
2025-02,osaka,fried_rice,43
2025-02,osaka,japanese_set,60
2025-02,osaka,katu_bowl,80
2025-02,osaka,omelet_rice,38
2025-02,osaka,pizza,29
2025-02,osaka,sandwich,12
2025-02,osaka,set_meal,52
2025-02,osaka,soba,59
2025-02,osaka,spaghetti,25
2025-02,osaka,udon,66
2025-03,osaka,curry,48
2025-03,osaka,doria,46
2025-03,osaka,fried_rice,48
2025-03,osaka,japanese_set,80
2025-03,osaka,katu_bowl,77
2025-03,osaka,omelet_rice,49
2025-03,osaka,pizza,47
2025-03,osaka,sandwich,21
2025-03,osaka,set_meal,71
2025-03,osaka,soba,53
2025-03,osaka,spaghetti,30
2025-03,osaka,udon,46
2025-04,osaka,curry,54
2025-04,osaka,doria,43
2025-04,osaka,fried_rice,44
2025-04,osaka,japanese_set,52
2025-04,osaka,katu_bowl,55
2025-04,osaka,omelet_rice,52
2025-04,osaka,pizza,40
2025-04,osaka,sandwich,20
2025-04,osaka,set_meal,72
2025-04,osaka,soba,58
2025-04,osaka,spaghetti,29
2025-04,osaka,udon,60
2025-05,osaka,curry,62
2025-05,osaka,doria,37
2025-05,osaka,fried_rice,38
2025-05,osaka,japanese_set,81
2025-05,osaka,katu_bowl,61
2025-05,osaka,omelet_rice,38
2025-05,osaka,pizza,44
2025-05,osaka,sandwich,25
2025-05,osaka,set_meal,48
2025-05,osaka,soba,50
2025-05,osaka,spaghetti,32
2025-05,osaka,udon,57
2025-06,osaka,curry,62
2025-06,osaka,doria,37
2025-06,osaka,fried_rice,40
2025-06,osaka,japanese_set,73
2025-06,osaka,katu_bowl,66
2025-06,osaka,omelet_rice,45
2025-06,osaka,pizza,19
2025-06,osaka,sandwich,19
2025-06,osaka,set_meal,65
2025-06,osaka,soba,53
2025-06,osaka,spaghetti,32
2025-06,osaka,udon,52
2025-07,osaka,curry,63
2025-07,osaka,doria,33
2025-07,osaka,fried_rice,47
2025-07,osaka,japanese_set,73
2025-07,osaka,katu_bowl,71
2025-07,osaka,omelet_rice,44
2025-07,osaka,pizza,37
2025-07,osaka,sandwich,16
2025-07,osaka,set_meal,50
2025-07,osaka,soba,49
2025-07,osaka,spaghetti,29
2025-07,osaka,udon,58
2025-08,osaka,curry,59
2025-08,osaka,doria,41
2025-08,osaka,fried_rice,52
2025-08,osaka,japanese_set,56
2025-08,osaka,katu_bowl,59
2025-08,osaka,omelet_rice,52
2025-08,osaka,pizza,30
2025-08,osaka,sandwich,17
2025-08,osaka,set_meal,51
2025-08,osaka,soba,72
2025-08,osaka,spaghetti,30
2025-08,osaka,udon,49
2025-09,osaka,curry,72
2025-09,osaka,doria,23
2025-09,osaka,fried_rice,37
2025-09,osaka,japanese_set,73
2025-09,osaka,katu_bowl,48
2025-09,osaka,omelet_rice,45
2025-09,osaka,pizza,42
2025-09,osaka,sandwich,25
2025-09,osaka,set_meal,63
2025-09,osaka,soba,43
2025-09,osaka,spaghetti,29
2025-09,osaka,udon,59
2025-10,osaka,curry,51
2025-10,osaka,doria,33
2025-10,osaka,fried_rice,45
2025-10,osaka,japanese_set,73
2025-10,osaka,katu_bowl,58
2025-10,osaka,omelet_rice,45
2025-10,osaka,pizza,38
2025-10,osaka,sandwich,17
2025-10,osaka,set_meal,74
2025-10,osaka,soba,45
2025-10,osaka,spaghetti,24
2025-10,osaka,udon,59
2025-11,osaka,curry,66
2025-11,osaka,doria,47
2025-11,osaka,fried_rice,46
2025-11,osaka,japanese_set,67
2025-11,osaka,katu_bowl,46
2025-11,osaka,omelet_rice,54
2025-11,osaka,pizza,30
2025-11,osaka,sandwich,22
2025-11,osaka,set_meal,63
2025-11,osaka,soba,59
2025-11,osaka,spaghetti,30
2025-11,osaka,udon,57
2025-12,osaka,curry,66
2025-12,osaka,doria,48
2025-12,osaka,fried_rice,46
2025-12,osaka,japanese_set,68
2025-12,osaka,katu_bowl,65
2025-12,osaka,omelet_rice,44
2025-12,osaka,pizza,29
2025-12,osaka,sandwich,21
2025-12,osaka,set_meal,70
2025-12,osaka,soba,45
2025-12,osaka,spaghetti,22
2025-12,osaka,udon,46
2024-01,rokko,curry,53
2024-01,rokko,doria,39
2024-01,rokko,fried_rice,34
2024-01,rokko,japanese_set,58
2024-01,rokko,katu_bowl,60
2024-01,rokko,omelet_rice,46
2024-01,rokko,pizza,29
2024-01,rokko,sandwich,17
2024-01,rokko,set_meal,46
2024-01,rokko,soba,44
2024-01,rokko,spaghetti,27
2024-01,rokko,udon,48
2024-02,rokko,curry,61
2024-02,rokko,doria,34
2024-02,rokko,fried_rice,35
2024-02,rokko,japanese_set,45
2024-02,rokko,katu_bowl,47
2024-02,rokko,omelet_rice,39
2024-02,rokko,pizza,42
2024-02,rokko,sandwich,17
2024-02,rokko,set_meal,57
2024-02,rokko,soba,47
2024-02,rokko,spaghetti,25
2024-02,rokko,udon,45
2024-03,rokko,curry,41
2024-03,rokko,doria,39
2024-03,rokko,fried_rice,33
2024-03,rokko,japanese_set,54
2024-03,rokko,katu_bowl,51
2024-03,rokko,omelet_rice,37
2024-03,rokko,pizza,28
2024-03,rokko,sandwich,12
2024-03,rokko,set_meal,48
2024-03,rokko,soba,61
2024-03,rokko,spaghetti,25
2024-03,rokko,udon,46
2024-04,rokko,curry,56
2024-04,rokko,doria,35
2024-04,rokko,fried_rice,38
2024-04,rokko,japanese_set,66
2024-04,rokko,katu_bowl,54
2024-04,rokko,omelet_rice,46
2024-04,rokko,pizza,22
2024-04,rokko,sandwich,17
2024-04,rokko,set_meal,41
2024-04,rokko,soba,44
2024-04,rokko,spaghetti,36
2024-04,rokko,udon,59
2024-05,rokko,curry,66
2024-05,rokko,doria,40
2024-05,rokko,fried_rice,43
2024-05,rokko,japanese_set,61
2024-05,rokko,katu_bowl,42
2024-05,rokko,omelet_rice,55
2024-05,rokko,pizza,37
2024-05,rokko,sandwich,18
2024-05,rokko,set_meal,64
2024-05,rokko,soba,49
2024-05,rokko,spaghetti,34
2024-05,rokko,udon,39
2024-06,rokko,curry,57
2024-06,rokko,doria,38
2024-06,rokko,fried_rice,48
2024-06,rokko,japanese_set,60
2024-06,rokko,katu_bowl,60
2024-06,rokko,omelet_rice,50
2024-06,rokko,pizza,23
2024-06,rokko,sandwich,13
2024-06,rokko,set_meal,75
2024-06,rokko,soba,58
2024-06,rokko,spaghetti,30
2024-06,rokko,udon,42
2024-07,rokko,curry,51
2024-07,rokko,doria,45
2024-07,rokko,fried_rice,44
2024-07,rokko,japanese_set,74
2024-07,rokko,katu_bowl,55
2024-07,rokko,omelet_rice,43
2024-07,rokko,pizza,32
2024-07,rokko,sandwich,19
2024-07,rokko,set_meal,63
2024-07,rokko,soba,46
2024-07,rokko,spaghetti,30
2024-07,rokko,udon,50
2024-08,rokko,curry,59
2024-08,rokko,doria,34
2024-08,rokko,fried_rice,32
2024-08,rokko,japanese_set,61
2024-08,rokko,katu_bowl,47
2024-08,rokko,omelet_rice,36
2024-08,rokko,pizza,29
2024-08,rokko,sandwich,14
2024-08,rokko,set_meal,68
2024-08,rokko,soba,54
2024-08,rokko,spaghetti,28
2024-08,rokko,udon,53
2024-09,rokko,curry,60
2024-09,rokko,doria,41
2024-09,rokko,fried_rice,51
2024-09,rokko,japanese_set,63
2024-09,rokko,katu_bowl,55
2024-09,rokko,omelet_rice,42
2024-09,rokko,pizza,42
2024-09,rokko,sandwich,19
2024-09,rokko,set_meal,56
2024-09,rokko,soba,61
2024-09,rokko,spaghetti,29
2024-09,rokko,udon,69
2024-10,rokko,curry,65
2024-10,rokko,doria,30
2024-10,rokko,fried_rice,36
2024-10,rokko,japanese_set,52
2024-10,rokko,katu_bowl,46
2024-10,rokko,omelet_rice,44
2024-10,rokko,pizza,37
2024-10,rokko,sandwich,24
2024-10,rokko,set_meal,57
2024-10,rokko,soba,62
2024-10,rokko,spaghetti,26
2024-10,rokko,udon,45
2024-11,rokko,curry,62
2024-11,rokko,doria,33
2024-11,rokko,fried_rice,51
2024-11,rokko,japanese_set,42
2024-11,rokko,katu_bowl,58
2024-11,rokko,omelet_rice,56
2024-11,rokko,pizza,37
2024-11,rokko,sandwich,12
2024-11,rokko,set_meal,61
2024-11,rokko,soba,53
2024-11,rokko,spaghetti,27
2024-11,rokko,udon,54
2024-12,rokko,curry,63
2024-12,rokko,doria,51
2024-12,rokko,fried_rice,44
2024-12,rokko,japanese_set,65
2024-12,rokko,katu_bowl,60
2024-12,rokko,omelet_rice,55
2024-12,rokko,pizza,39
2024-12,rokko,sandwich,17
2024-12,rokko,set_meal,60
2024-12,rokko,soba,57
2024-12,rokko,spaghetti,20
2024-12,rokko,udon,57
2025-01,rokko,curry,62
2025-01,rokko,doria,52
2025-01,rokko,fried_rice,46
2025-01,rokko,japanese_set,69
2025-01,rokko,katu_bowl,55
2025-01,rokko,omelet_rice,50
2025-01,rokko,pizza,27
2025-01,rokko,sandwich,14
2025-01,rokko,set_meal,54
2025-01,rokko,soba,48
2025-01,rokko,spaghetti,25
2025-01,rokko,udon,45
2025-02,rokko,curry,59
2025-02,rokko,doria,37
2025-02,rokko,fried_rice,39
2025-02,rokko,japanese_set,65
2025-02,rokko,katu_bowl,61
2025-02,rokko,omelet_rice,32
2025-02,rokko,pizza,36
2025-02,rokko,sandwich,13
2025-02,rokko,set_meal,62
2025-02,rokko,soba,39
2025-02,rokko,spaghetti,18
2025-02,rokko,udon,43
2025-03,rokko,curry,66
2025-03,rokko,doria,43
2025-03,rokko,fried_rice,59
2025-03,rokko,japanese_set,65
2025-03,rokko,katu_bowl,54
2025-03,rokko,omelet_rice,44
2025-03,rokko,pizza,43
2025-03,rokko,sandwich,24
2025-03,rokko,set_meal,75
2025-03,rokko,soba,39
2025-03,rokko,spaghetti,27
2025-03,rokko,udon,51
2025-04,rokko,curry,59
2025-04,rokko,doria,37
2025-04,rokko,fried_rice,40
2025-04,rokko,japanese_set,52
2025-04,rokko,katu_bowl,46
2025-04,rokko,omelet_rice,56
2025-04,rokko,pizza,40
2025-04,rokko,sandwich,23
2025-04,rokko,set_meal,42
2025-04,rokko,soba,55
2025-04,rokko,spaghetti,28
2025-04,rokko,udon,52
2025-05,rokko,curry,59
2025-05,rokko,doria,33
2025-05,rokko,fried_rice,48
2025-05,rokko,japanese_set,79
2025-05,rokko,katu_bowl,62
2025-05,rokko,omelet_rice,49
2025-05,rokko,pizza,23
2025-05,rokko,sandwich,13
2025-05,rokko,set_meal,56
2025-05,rokko,soba,50
2025-05,rokko,spaghetti,23
2025-05,rokko,udon,63
2025-06,rokko,curry,63
2025-06,rokko,doria,37
2025-06,rokko,fried_rice,51
2025-06,rokko,japanese_set,44
2025-06,rokko,katu_bowl,44
2025-06,rokko,omelet_rice,57
2025-06,rokko,pizza,34
2025-06,rokko,sandwich,16
2025-06,rokko,set_meal,66
2025-06,rokko,soba,45
2025-06,rokko,spaghetti,22
2025-06,rokko,udon,58
2025-07,rokko,curry,58
2025-07,rokko,doria,47
2025-07,rokko,fried_rice,42
2025-07,rokko,japanese_set,55
2025-07,rokko,katu_bowl,38
2025-07,rokko,omelet_rice,38
2025-07,rokko,pizza,30
2025-07,rokko,sandwich,7
2025-07,rokko,set_meal,64
2025-07,rokko,soba,48
2025-07,rokko,spaghetti,31
2025-07,rokko,udon,53
2025-08,rokko,curry,63
2025-08,rokko,doria,35
2025-08,rokko,fried_rice,37
2025-08,rokko,japanese_set,52
2025-08,rokko,katu_bowl,67
2025-08,rokko,omelet_rice,45
2025-08,rokko,pizza,39
2025-08,rokko,sandwich,26
2025-08,rokko,set_meal,59
2025-08,rokko,soba,59
2025-08,rokko,spaghetti,32
2025-08,rokko,udon,52
2025-09,rokko,curry,69
2025-09,rokko,doria,37
2025-09,rokko,fried_rice,46
2025-09,rokko,japanese_set,62
2025-09,rokko,katu_bowl,51
2025-09,rokko,omelet_rice,43
2025-09,rokko,pizza,32
2025-09,rokko,sandwich,18
2025-09,rokko,set_meal,64
2025-09,rokko,soba,56
2025-09,rokko,spaghetti,28
2025-09,rokko,udon,50
2025-10,rokko,curry,51
2025-10,rokko,doria,38
2025-10,rokko,fried_rice,45
2025-10,rokko,japanese_set,74
2025-10,rokko,katu_bowl,52
2025-10,rokko,omelet_rice,51
2025-10,rokko,pizza,36
2025-10,rokko,sandwich,15
2025-10,rokko,set_meal,65
2025-10,rokko,soba,55
2025-10,rokko,spaghetti,19
2025-10,rokko,udon,47
2025-11,rokko,curry,45
2025-11,rokko,doria,38
2025-11,rokko,fried_rice,48
2025-11,rokko,japanese_set,57
2025-11,rokko,katu_bowl,40
2025-11,rokko,omelet_rice,52
2025-11,rokko,pizza,23
2025-11,rokko,sandwich,14
2025-11,rokko,set_meal,42
2025-11,rokko,soba,59
2025-11,rokko,spaghetti,29
2025-11,rokko,udon,55
2025-12,rokko,curry,45
2025-12,rokko,doria,38
2025-12,rokko,fried_rice,48
2025-12,rokko,japanese_set,53
2025-12,rokko,katu_bowl,43
2025-12,rokko,omelet_rice,42
2025-12,rokko,pizza,25
2025-12,rokko,sandwich,13
2025-12,rokko,set_meal,64
2025-12,rokko,soba,50
2025-12,rokko,spaghetti,25
2025-12,rokko,udon,52
2024-01,sanda,curry,30
2024-01,sanda,doria,25
2024-01,sanda,fried_rice,20
2024-01,sanda,japanese_set,31
2024-01,sanda,katu_bowl,29
2024-01,sanda,omelet_rice,34
2024-01,sanda,pizza,20
2024-01,sanda,sandwich,2
2024-01,sanda,set_meal,31
2024-01,sanda,soba,34
2024-01,sanda,spaghetti,14
2024-01,sanda,udon,30
2024-02,sanda,curry,28
2024-02,sanda,doria,18
2024-02,sanda,fried_rice,19
2024-02,sanda,japanese_set,42
2024-02,sanda,katu_bowl,24
2024-02,sanda,omelet_rice,38
2024-02,sanda,pizza,24
2024-02,sanda,sandwich,8
2024-02,sanda,set_meal,31
2024-02,sanda,soba,27
2024-02,sanda,spaghetti,14
2024-02,sanda,udon,33
2024-03,sanda,curry,32
2024-03,sanda,doria,18
2024-03,sanda,fried_rice,20
2024-03,sanda,japanese_set,38
2024-03,sanda,katu_bowl,29
2024-03,sanda,omelet_rice,26
2024-03,sanda,pizza,22
2024-03,sanda,sandwich,11
2024-03,sanda,set_meal,24
2024-03,sanda,soba,29
2024-03,sanda,spaghetti,22
2024-03,sanda,udon,38
2024-04,sanda,curry,39
2024-04,sanda,doria,17
2024-04,sanda,fried_rice,27
2024-04,sanda,japanese_set,38
2024-04,sanda,katu_bowl,34
2024-04,sanda,omelet_rice,23
2024-04,sanda,pizza,22
2024-04,sanda,sandwich,15
2024-04,sanda,set_meal,38
2024-04,sanda,soba,30
2024-04,sanda,spaghetti,16
2024-04,sanda,udon,27
2024-05,sanda,curry,38
2024-05,sanda,doria,25
2024-05,sanda,fried_rice,20
2024-05,sanda,japanese_set,30
2024-05,sanda,katu_bowl,33
2024-05,sanda,omelet_rice,25
2024-05,sanda,pizza,13
2024-05,sanda,sandwich,14
2024-05,sanda,set_meal,26
2024-05,sanda,soba,20
2024-05,sanda,spaghetti,17
2024-05,sanda,udon,21
2024-06,sanda,curry,46
2024-06,sanda,doria,18
2024-06,sanda,fried_rice,20
2024-06,sanda,japanese_set,35
2024-06,sanda,katu_bowl,32
2024-06,sanda,omelet_rice,38
2024-06,sanda,pizza,20
2024-06,sanda,sandwich,13
2024-06,sanda,set_meal,31
2024-06,sanda,soba,23
2024-06,sanda,spaghetti,15
2024-06,sanda,udon,36
2024-07,sanda,curry,39
2024-07,sanda,doria,20
2024-07,sanda,fried_rice,35
2024-07,sanda,japanese_set,42
2024-07,sanda,katu_bowl,33
2024-07,sanda,omelet_rice,25
2024-07,sanda,pizza,13
2024-07,sanda,sandwich,7
2024-07,sanda,set_meal,31
2024-07,sanda,soba,35
2024-07,sanda,spaghetti,12
2024-07,sanda,udon,35
2024-08,sanda,curry,33
2024-08,sanda,doria,17
2024-08,sanda,fried_rice,23
2024-08,sanda,japanese_set,38
2024-08,sanda,katu_bowl,25
2024-08,sanda,omelet_rice,31
2024-08,sanda,pizza,21
2024-08,sanda,sandwich,5
2024-08,sanda,set_meal,26
2024-08,sanda,soba,38
2024-08,sanda,spaghetti,16
2024-08,sanda,udon,36
2024-09,sanda,curry,30
2024-09,sanda,doria,14
2024-09,sanda,fried_rice,26
2024-09,sanda,japanese_set,31
2024-09,sanda,katu_bowl,30
2024-09,sanda,omelet_rice,28
2024-09,sanda,pizza,23
2024-09,sanda,sandwich,10
2024-09,sanda,set_meal,39
2024-09,sanda,soba,37
2024-09,sanda,spaghetti,16
2024-09,sanda,udon,34
2024-10,sanda,curry,33
2024-10,sanda,doria,19
2024-10,sanda,fried_rice,25
2024-10,sanda,japanese_set,38
2024-10,sanda,katu_bowl,30
2024-10,sanda,omelet_rice,35
2024-10,sanda,pizza,18
2024-10,sanda,sandwich,10
2024-10,sanda,set_meal,24
2024-10,sanda,soba,24
2024-10,sanda,spaghetti,16
2024-10,sanda,udon,39
2024-11,sanda,curry,37
2024-11,sanda,doria,18
2024-11,sanda,fried_rice,23
2024-11,sanda,japanese_set,34
2024-11,sanda,katu_bowl,37
2024-11,sanda,omelet_rice,29
2024-11,sanda,pizza,13
2024-11,sanda,sandwich,6
2024-11,sanda,set_meal,32
2024-11,sanda,soba,29
2024-11,sanda,spaghetti,11
2024-11,sanda,udon,29
2024-12,sanda,curry,24
2024-12,sanda,doria,21
2024-12,sanda,fried_rice,23
2024-12,sanda,japanese_set,32
2024-12,sanda,katu_bowl,27
2024-12,sanda,omelet_rice,33
2024-12,sanda,pizza,20
2024-12,sanda,sandwich,10
2024-12,sanda,set_meal,40
2024-12,sanda,soba,36
2024-12,sanda,spaghetti,15
2024-12,sanda,udon,34
2025-01,sanda,curry,31
2025-01,sanda,doria,20
2025-01,sanda,fried_rice,29
2025-01,sanda,japanese_set,43
2025-01,sanda,katu_bowl,21
2025-01,sanda,omelet_rice,29
2025-01,sanda,pizza,16
2025-01,sanda,sandwich,8
2025-01,sanda,set_meal,34
2025-01,sanda,soba,26
2025-01,sanda,spaghetti,15
2025-01,sanda,udon,39
2025-02,sanda,curry,36
2025-02,sanda,doria,18
2025-02,sanda,fried_rice,22
2025-02,sanda,japanese_set,39
2025-02,sanda,katu_bowl,22
2025-02,sanda,omelet_rice,27
2025-02,sanda,pizza,18
2025-02,sanda,sandwich,7
2025-02,sanda,set_meal,34
2025-02,sanda,soba,24
2025-02,sanda,spaghetti,22
2025-02,sanda,udon,23
2025-03,sanda,curry,37
2025-03,sanda,doria,10
2025-03,sanda,fried_rice,19
2025-03,sanda,japanese_set,35
2025-03,sanda,katu_bowl,23
2025-03,sanda,omelet_rice,23
2025-03,sanda,pizza,20
2025-03,sanda,sandwich,5
2025-03,sanda,set_meal,39
2025-03,sanda,soba,23
2025-03,sanda,spaghetti,12
2025-03,sanda,udon,26
2025-04,sanda,curry,33
2025-04,sanda,doria,17
2025-04,sanda,fried_rice,23
2025-04,sanda,japanese_set,28
2025-04,sanda,katu_bowl,35
2025-04,sanda,omelet_rice,27
2025-04,sanda,pizza,17
2025-04,sanda,sandwich,10
2025-04,sanda,set_meal,27
2025-04,sanda,soba,28
2025-04,sanda,spaghetti,14
2025-04,sanda,udon,28
2025-05,sanda,curry,28
2025-05,sanda,doria,24
2025-05,sanda,fried_rice,28
2025-05,sanda,japanese_set,29
2025-05,sanda,katu_bowl,29
2025-05,sanda,omelet_rice,19
2025-05,sanda,pizza,24
2025-05,sanda,sandwich,14
2025-05,sanda,set_meal,41
2025-05,sanda,soba,31
2025-05,sanda,spaghetti,19
2025-05,sanda,udon,32
2025-06,sanda,curry,26
2025-06,sanda,doria,18
2025-06,sanda,fried_rice,23
2025-06,sanda,japanese_set,30
2025-06,sanda,katu_bowl,29
2025-06,sanda,omelet_rice,31
2025-06,sanda,pizza,16
2025-06,sanda,sandwich,13
2025-06,sanda,set_meal,37
2025-06,sanda,soba,32
2025-06,sanda,spaghetti,15
2025-06,sanda,udon,20
2025-07,sanda,curry,38
2025-07,sanda,doria,26
2025-07,sanda,fried_rice,28
2025-07,sanda,japanese_set,38
2025-07,sanda,katu_bowl,21
2025-07,sanda,omelet_rice,28
2025-07,sanda,pizza,10
2025-07,sanda,sandwich,11
2025-07,sanda,set_meal,35
2025-07,sanda,soba,28
2025-07,sanda,spaghetti,19
2025-07,sanda,udon,34
2025-08,sanda,curry,39
2025-08,sanda,doria,25
2025-08,sanda,fried_rice,16
2025-08,sanda,japanese_set,44
2025-08,sanda,katu_bowl,45
2025-08,sanda,omelet_rice,27
2025-08,sanda,pizza,12
2025-08,sanda,sandwich,11
2025-08,sanda,set_meal,36
2025-08,sanda,soba,20
2025-08,sanda,spaghetti,11
2025-08,sanda,udon,29
2025-09,sanda,curry,33
2025-09,sanda,doria,21
2025-09,sanda,fried_rice,36
2025-09,sanda,japanese_set,39
2025-09,sanda,katu_bowl,36
2025-09,sanda,omelet_rice,18
2025-09,sanda,pizza,23
2025-09,sanda,sandwich,8
2025-09,sanda,set_meal,23
2025-09,sanda,soba,29
2025-09,sanda,spaghetti,20
2025-09,sanda,udon,24
2025-10,sanda,curry,36
2025-10,sanda,doria,13
2025-10,sanda,fried_rice,25
2025-10,sanda,japanese_set,28
2025-10,sanda,katu_bowl,26
2025-10,sanda,omelet_rice,34
2025-10,sanda,pizza,20
2025-10,sanda,sandwich,11
2025-10,sanda,set_meal,34
2025-10,sanda,soba,26
2025-10,sanda,spaghetti,14
2025-10,sanda,udon,33
2025-11,sanda,curry,28
2025-11,sanda,doria,21
2025-11,sanda,fried_rice,20
2025-11,sanda,japanese_set,37
2025-11,sanda,katu_bowl,25
2025-11,sanda,omelet_rice,34
2025-11,sanda,pizza,16
2025-11,sanda,sandwich,9
2025-11,sanda,set_meal,30
2025-11,sanda,soba,22
2025-11,sanda,spaghetti,15
2025-11,sanda,udon,18
2025-12,sanda,curry,34
2025-12,sanda,doria,26
2025-12,sanda,fried_rice,18
2025-12,sanda,japanese_set,36
2025-12,sanda,katu_bowl,30
2025-12,sanda,omelet_rice,32
2025-12,sanda,pizza,19
2025-12,sanda,sandwich,7
2025-12,sanda,set_meal,28
2025-12,sanda,soba,32
2025-12,sanda,spaghetti,14
2025-12,sanda,udon,27
